id,name,iso3,iso2,phone_code,capital,currency,native,emoji,emojiU,lang_code
1,Afghanistan,AFG,AF,93,Kabul,AFN,Ø§ÙØºØ§Ù†Ø³ØªØ§Ù†,ğŸ‡¦ğŸ‡«,"U+1F1E6 U+1F1EB",fa
2,"Aland Islands",ALA,AX,+358-18,Mariehamn,EUR,Ã…land,ğŸ‡¦ğŸ‡½,"U+1F1E6 U+1F1FD",sv
3,Albania,ALB,AL,355,Tirana,ALL,ShqipÃ«ria,ğŸ‡¦ğŸ‡±,"U+1F1E6 U+1F1F1",sq
4,Algeria,DZA,DZ,213,Algiers,DZD,Ø§Ù„Ø¬Ø²Ø§Ø¦Ø±,ğŸ‡©ğŸ‡¿,"U+1F1E9 U+1F1FF",ar
5,"American Samoa",ASM,AS,+1-684,"Pago Pago",USD,"American Samoa",ğŸ‡¦ğŸ‡¸,"U+1F1E6 U+1F1F8",es
6,Andorra,AND,AD,376,"Andorra la Vella",EUR,Andorra,ğŸ‡¦ğŸ‡©,"U+1F1E6 U+1F1E9",ca
7,Angola,AGO,AO,244,Luanda,AOA,Angola,ğŸ‡¦ğŸ‡´,"U+1F1E6 U+1F1F4",pt
8,Anguilla,AIA,AI,+1-264,"The Valley",XCD,Anguilla,ğŸ‡¦ğŸ‡®,"U+1F1E6 U+1F1EE",en
9,Antarctica,ATA,AQ,,,,Antarctica,ğŸ‡¦ğŸ‡¶,"U+1F1E6 U+1F1F6",en
10,"Antigua And Barbuda",ATG,AG,+1-268,"St. John's",XCD,"Antigua and Barbuda",ğŸ‡¦ğŸ‡¬,"U+1F1E6 U+1F1EC",en
11,Argentina,ARG,AR,54,"Buenos Aires",ARS,Argentina,ğŸ‡¦ğŸ‡·,"U+1F1E6 U+1F1F7",es
12,Armenia,ARM,AM,374,Yerevan,AMD,Õ€Õ¡ÕµÕ¡Õ½Õ¿Õ¡Õ¶,ğŸ‡¦ğŸ‡²,"U+1F1E6 U+1F1F2",hy
13,Aruba,ABW,AW,297,Oranjestad,AWG,Aruba,ğŸ‡¦ğŸ‡¼,"U+1F1E6 U+1F1FC",nl
14,Australia,AUS,AU,61,Canberra,AUD,Australia,ğŸ‡¦ğŸ‡º,"U+1F1E6 U+1F1FA",en
15,Austria,AUT,AT,43,Vienna,EUR,Ã–sterreich,ğŸ‡¦ğŸ‡¹,"U+1F1E6 U+1F1F9",de
16,Azerbaijan,AZE,AZ,994,Baku,AZN,AzÉ™rbaycan,ğŸ‡¦ğŸ‡¿,"U+1F1E6 U+1F1FF",az
17,"Bahamas",BHS,BS,+1-242,Nassau,BSD,Bahamas,ğŸ‡§ğŸ‡¸,"U+1F1E7 U+1F1F8",en
18,Bahrain,BHR,BH,973,Manama,BHD,â€Ø§Ù„Ø¨Ø­Ø±ÙŠÙ†,ğŸ‡§ğŸ‡­,"U+1F1E7 U+1F1ED",ar
19,Bangladesh,BGD,BD,880,Dhaka,BDT,Bangladesh,ğŸ‡§ğŸ‡©,"U+1F1E7 U+1F1E9",bn
20,Barbados,BRB,BB,+1-246,Bridgetown,BBD,Barbados,ğŸ‡§ğŸ‡§,"U+1F1E7 U+1F1E7",en
21,Belarus,BLR,BY,375,Minsk,BYR,Ğ‘ĞµĞ»Ğ°Ñ€ÑƒÌÑÑŒ,ğŸ‡§ğŸ‡¾,"U+1F1E7 U+1F1FE",be
22,Belgium,BEL,BE,32,Brussels,EUR,BelgiÃ«,ğŸ‡§ğŸ‡ª,"U+1F1E7 U+1F1EA",nl
23,Belize,BLZ,BZ,501,Belmopan,BZD,Belize,ğŸ‡§ğŸ‡¿,"U+1F1E7 U+1F1FF",en
24,Benin,BEN,BJ,229,Porto-Novo,XOF,BÃ©nin,ğŸ‡§ğŸ‡¯,"U+1F1E7 U+1F1EF",fr
25,Bermuda,BMU,BM,+1-441,Hamilton,BMD,Bermuda,ğŸ‡§ğŸ‡²,"U+1F1E7 U+1F1F2",en
26,Bhutan,BTN,BT,975,Thimphu,BTN,Ê¼brug-yul,ğŸ‡§ğŸ‡¹,"U+1F1E7 U+1F1F9",dz
27,Bolivia,BOL,BO,591,Sucre,BOB,Bolivia,ğŸ‡§ğŸ‡´,"U+1F1E7 U+1F1F4",es
28,"Bosnia and Herzegovina",BIH,BA,387,Sarajevo,BAM,"Bosna i Hercegovina",ğŸ‡§ğŸ‡¦,"U+1F1E7 U+1F1E6",bs
29,Botswana,BWA,BW,267,Gaborone,BWP,Botswana,ğŸ‡§ğŸ‡¼,"U+1F1E7 U+1F1FC",en
30,"Bouvet Island",BVT,BV,,,NOK,BouvetÃ¸ya,ğŸ‡§ğŸ‡»,"U+1F1E7 U+1F1FB",en
31,Brazil,BRA,BR,55,Brasilia,BRL,Brasil,ğŸ‡§ğŸ‡·,"U+1F1E7 U+1F1F7",pt
32,"British Indian Ocean Territory",IOT,IO,246,"Diego Garcia",USD,"British Indian Ocean Territory",ğŸ‡®ğŸ‡´,"U+1F1EE U+1F1F4",en
33,Brunei,BRN,BN,673,"Bandar Seri Begawan",BND,"Negara Brunei Darussalam",ğŸ‡§ğŸ‡³,"U+1F1E7 U+1F1F3",ms
34,Bulgaria,BGR,BG,359,Sofia,BGN,Ğ‘ÑŠĞ»Ğ³Ğ°Ñ€Ğ¸Ñ,ğŸ‡§ğŸ‡¬,"U+1F1E7 U+1F1EC",bg
35,"Burkina Faso",BFA,BF,226,Ouagadougou,XOF,"Burkina Faso",ğŸ‡§ğŸ‡«,"U+1F1E7 U+1F1EB",fr
36,Burundi,BDI,BI,257,Bujumbura,BIF,Burundi,ğŸ‡§ğŸ‡®,"U+1F1E7 U+1F1EE",fr
37,Cambodia,KHM,KH,855,"Phnom Penh",KHR,KÃ¢mpÅ­chÃ©a,ğŸ‡°ğŸ‡­,"U+1F1F0 U+1F1ED",km
38,Cameroon,CMR,CM,237,Yaounde,XAF,Cameroon,ğŸ‡¨ğŸ‡²,"U+1F1E8 U+1F1F2",fr
39,Canada,CAN,CA,1,Ottawa,CAD,Canada,ğŸ‡¨ğŸ‡¦,"U+1F1E8 U+1F1E6",en
40,"Cape Verde",CPV,CV,238,Praia,CVE,"Cabo Verde",ğŸ‡¨ğŸ‡»,"U+1F1E8 U+1F1FB",pt
40a,"Caribbean Netherlands",BES,BQ,559,Bonaire,USD,"Caribbean Netherlands",ğŸ‡§ğŸ‡¶,"U+1F1E7 U+1F1F6",nl
41,"Cayman Islands",CYM,KY,+1-345,"George Town",KYD,"Cayman Islands",ğŸ‡°ğŸ‡¾,"U+1F1F0 U+1F1FE",en
42,"Central African Republic",CAF,CF,236,Bangui,XAF,"KÃ¶dÃ¶rÃ¶sÃªse tÃ® BÃªafrÃ®ka",ğŸ‡¨ğŸ‡«,"U+1F1E8 U+1F1EB",fr
43,Chad,TCD,TD,235,N'Djamena,XAF,Tchad,ğŸ‡¹ğŸ‡©,"U+1F1F9 U+1F1E9",fr
44,Chile,CHL,CL,56,Santiago,CLP,Chile,ğŸ‡¨ğŸ‡±,"U+1F1E8 U+1F1F1",es
45,China,CHN,CN,86,Beijing,CNY,ä¸­å›½,ğŸ‡¨ğŸ‡³,"U+1F1E8 U+1F1F3",zh
46,"Christmas Island",CXR,CX,61,"Flying Fish Cove",AUD,"Christmas Island",ğŸ‡¨ğŸ‡½,"U+1F1E8 U+1F1FD",en
47,"Cocos (Keeling) Islands",CCK,CC,61,"West Island",AUD,"Cocos (Keeling) Islands",ğŸ‡¨ğŸ‡¨,"U+1F1E8 U+1F1E8",ms
48,Colombia,COL,CO,57,Bogota,COP,Colombia,ğŸ‡¨ğŸ‡´,"U+1F1E8 U+1F1F4",es
49,Comoros,COM,KM,269,Moroni,KMF,Komori,ğŸ‡°ğŸ‡²,"U+1F1F0 U+1F1F2",fr
50,Congo,COG,CG,242,Brazzaville,XAF,"RÃ©publique du Congo",ğŸ‡¨ğŸ‡¬,"U+1F1E8 U+1F1EC",fr
51,"Democratic Republic Of Congo",COD,CD,243,Kinshasa,CDF,"RÃ©publique dÃ©mocratique du Congo",ğŸ‡¨ğŸ‡©,"U+1F1E8 U+1F1E9",fr
52,"Cook Islands",COK,CK,682,Avarua,NZD,"Cook Islands",ğŸ‡¨ğŸ‡°,"U+1F1E8 U+1F1F0",en
53,"Costa Rica",CRI,CR,506,"San Jose",CRC,"Costa Rica",ğŸ‡¨ğŸ‡·,"U+1F1E8 U+1F1F7",es
54,"Ivory Coast",CIV,CI,225,Yamoussoukro,XOF,,ğŸ‡¨ğŸ‡®,"U+1F1E8 U+1F1EE",fr
55,"Croatia",HRV,HR,385,Zagreb,HRK,Hrvatska,ğŸ‡­ğŸ‡·,"U+1F1ED U+1F1F7",hr
56,Cuba,CUB,CU,53,Havana,CUP,Cuba,ğŸ‡¨ğŸ‡º,"U+1F1E8 U+1F1FA",es
57,Cyprus,CYP,CY,357,Nicosia,EUR,ÎšÏÏ€ÏÎ¿Ï‚,ğŸ‡¨ğŸ‡¾,"U+1F1E8 U+1F1FE",el
58,"Czech Republic",CZE,CZ,420,Prague,CZK,"ÄŒeskÃ¡ republika",ğŸ‡¨ğŸ‡¿,"U+1F1E8 U+1F1FF",cs
59,Denmark,DNK,DK,45,Copenhagen,DKK,Danmark,ğŸ‡©ğŸ‡°,"U+1F1E9 U+1F1F0",de
60,Djibouti,DJI,DJ,253,Djibouti,DJF,Djibouti,ğŸ‡©ğŸ‡¯,"U+1F1E9 U+1F1EF",fr
61,Dominica,DMA,DM,+1-767,Roseau,XCD,Dominica,ğŸ‡©ğŸ‡²,"U+1F1E9 U+1F1F2",en
62,"Dominican Republic",DOM,DO,"+1-809, 1-829","Santo Domingo",DOP,"RepÃºblica Dominicana",ğŸ‡©ğŸ‡´,"U+1F1E9 U+1F1F4",es
63,"Timor Leste",TLS,TL,670,Dili,USD,Timor-Leste,ğŸ‡¹ğŸ‡±,"U+1F1F9 U+1F1F1",pt
64,Ecuador,ECU,EC,593,Quito,USD,Ecuador,ğŸ‡ªğŸ‡¨,"U+1F1EA U+1F1E8",es
65,Egypt,EGY,EG,20,Cairo,EGP,Ù…ØµØ±â€,ğŸ‡ªğŸ‡¬,"U+1F1EA U+1F1EC",ar
66,"El Salvador",SLV,SV,503,"San Salvador",USD,"El Salvador",ğŸ‡¸ğŸ‡»,"U+1F1F8 U+1F1FB",es
67,"Equatorial Guinea",GNQ,GQ,240,Malabo,XAF,"Guinea Ecuatorial",ğŸ‡¬ğŸ‡¶,"U+1F1EC U+1F1F6",es
68,Eritrea,ERI,ER,291,Asmara,ERN,áŠ¤áˆ­á‰µáˆ«,ğŸ‡ªğŸ‡·,"U+1F1EA U+1F1F7",aa
69,Estonia,EST,EE,372,Tallinn,EUR,Eesti,ğŸ‡ªğŸ‡ª,"U+1F1EA U+1F1EA",et
70,Ethiopia,ETH,ET,251,"Addis Ababa",ETB,áŠ¢á‰µá‹®áŒµá‹«,ğŸ‡ªğŸ‡¹,"U+1F1EA U+1F1F9",am
71,"Falkland Islands",FLK,FK,500,Stanley,FKP,"Falkland Islands",ğŸ‡«ğŸ‡°,"U+1F1EB U+1F1F0",en
72,"Faroe Islands",FRO,FO,298,Torshavn,DKK,FÃ¸royar,ğŸ‡«ğŸ‡´,"U+1F1EB U+1F1F4",fo
73,"Fiji Islands",FJI,FJ,679,Suva,FJD,Fiji,ğŸ‡«ğŸ‡¯,"U+1F1EB U+1F1EF",en
74,Finland,FIN,FI,358,Helsinki,EUR,Suomi,ğŸ‡«ğŸ‡®,"U+1F1EB U+1F1EE",fi
75,France,FRA,FR,33,Paris,EUR,France,ğŸ‡«ğŸ‡·,"U+1F1EB U+1F1F7",fr
76,"French Guiana",GUF,GF,594,Cayenne,EUR,"Guyane franÃ§aise",ğŸ‡¬ğŸ‡«,"U+1F1EC U+1F1EB",fr
77,"French Polynesia",PYF,PF,689,Papeete,XPF,"PolynÃ©sie franÃ§aise",ğŸ‡µğŸ‡«,"U+1F1F5 U+1F1EB",fr
78,"French Southern Territories",ATF,TF,,Port-aux-Francais,EUR,"Territoire des Terres australes et antarctiques fr",ğŸ‡¹ğŸ‡«,"U+1F1F9 U+1F1EB",fr
79,Gabon,GAB,GA,241,Libreville,XAF,Gabon,ğŸ‡¬ğŸ‡¦,"U+1F1EC U+1F1E6",fr
80,"Gambia",GMB,GM,220,Banjul,GMD,Gambia,ğŸ‡¬ğŸ‡²,"U+1F1EC U+1F1F2",en
81,Georgia,GEO,GE,995,Tbilisi,GEL,áƒ¡áƒáƒ¥áƒáƒ áƒ—áƒ•áƒ”áƒšáƒ,ğŸ‡¬ğŸ‡ª,"U+1F1EC U+1F1EA",ka
82,Germany,DEU,DE,49,Berlin,EUR,Deutschland,ğŸ‡©ğŸ‡ª,"U+1F1E9 U+1F1EA",de
83,Ghana,GHA,GH,233,Accra,GHS,Ghana,ğŸ‡¬ğŸ‡­,"U+1F1EC U+1F1ED",en
84,Gibraltar,GIB,GI,350,Gibraltar,GIP,Gibraltar,ğŸ‡¬ğŸ‡®,"U+1F1EC U+1F1EE",en
85,Greece,GRC,GR,30,Athens,EUR,Î•Î»Î»Î¬Î´Î±,ğŸ‡¬ğŸ‡·,"U+1F1EC U+1F1F7",el
86,Greenland,GRL,GL,299,Nuuk,DKK,"Kalaallit Nunaat",ğŸ‡¬ğŸ‡±,"U+1F1EC U+1F1F1",kl
87,Grenada,GRD,GD,+1-473,"St. George's",XCD,Grenada,ğŸ‡¬ğŸ‡©,"U+1F1EC U+1F1E9",en
88,Guadeloupe,GLP,GP,590,Basse-Terre,EUR,Guadeloupe,ğŸ‡¬ğŸ‡µ,"U+1F1EC U+1F1F5",fr
89,Guam,GUM,GU,+1-671,Hagatna,USD,Guam,ğŸ‡¬ğŸ‡º,"U+1F1EC U+1F1FA",en
90,Guatemala,GTM,GT,502,"Guatemala City",GTQ,Guatemala,ğŸ‡¬ğŸ‡¹,"U+1F1EC U+1F1F9",es
91,"Guernsey and Alderney",GGY,GG,+44-1481,"St Peter Port",GBP,Guernsey,ğŸ‡¬ğŸ‡¬,"U+1F1EC U+1F1EC",en
92,Guinea,GIN,GN,224,Conakry,GNF,GuinÃ©e,ğŸ‡¬ğŸ‡³,"U+1F1EC U+1F1F3",fr
93,Guinea-Bissau,GNB,GW,245,Bissau,XOF,GuinÃ©-Bissau,ğŸ‡¬ğŸ‡¼,"U+1F1EC U+1F1FC",pt
94,Guyana,GUY,GY,592,Georgetown,GYD,Guyana,ğŸ‡¬ğŸ‡¾,"U+1F1EC U+1F1FE",en
95,Haiti,HTI,HT,509,Port-au-Prince,HTG,HaÃ¯ti,ğŸ‡­ğŸ‡¹,"U+1F1ED U+1F1F9",ht
96,"Heard and McDonald Islands",HMD,HM," ",,AUD,"Heard Island and McDonald Islands",ğŸ‡­ğŸ‡²,"U+1F1ED U+1F1F2",en
97,Honduras,HND,HN,504,Tegucigalpa,HNL,Honduras,ğŸ‡­ğŸ‡³,"U+1F1ED U+1F1F3",es
98,"Hong Kong",HKG,HK,852,"Hong Kong",HKD,é¦™æ¸¯,ğŸ‡­ğŸ‡°,"U+1F1ED U+1F1F0",zh
99,Hungary,HUN,HU,36,Budapest,HUF,MagyarorszÃ¡g,ğŸ‡­ğŸ‡º,"U+1F1ED U+1F1FA",hu
100,Iceland,ISL,IS,354,Reykjavik,ISK,Ãsland,ğŸ‡®ğŸ‡¸,"U+1F1EE U+1F1F8",is
101,India,IND,IN,91,"New Delhi",INR,à¤­à¤¾à¤°à¤¤,ğŸ‡®ğŸ‡³,"U+1F1EE U+1F1F3",ta
102,Indonesia,IDN,ID,62,Jakarta,IDR,Indonesia,ğŸ‡®ğŸ‡©,"U+1F1EE U+1F1E9",id
103,Iran,IRN,IR,98,Tehran,IRR,Ø§ÛŒØ±Ø§Ù†,ğŸ‡®ğŸ‡·,"U+1F1EE U+1F1F7",fa
104,Iraq,IRQ,IQ,964,Baghdad,IQD,Ø§Ù„Ø¹Ø±Ø§Ù‚,ğŸ‡®ğŸ‡¶,"U+1F1EE U+1F1F6",ar
105,Ireland,IRL,IE,353,Dublin,EUR,Ã‰ire,ğŸ‡®ğŸ‡ª,"U+1F1EE U+1F1EA",en
106,Israel,ISR,IL,972,Jerusalem,ILS,×™Ö´×©Ö°×‚×¨Ö¸×Öµ×œ,ğŸ‡®ğŸ‡±,"U+1F1EE U+1F1F1",ar
107,Italy,ITA,IT,39,Rome,EUR,Italia,ğŸ‡®ğŸ‡¹,"U+1F1EE U+1F1F9",it
108,Jamaica,JAM,JM,+1-876,Kingston,JMD,Jamaica,ğŸ‡¯ğŸ‡²,"U+1F1EF U+1F1F2",en
109,Japan,JPN,JP,81,Tokyo,JPY,æ—¥æœ¬,ğŸ‡¯ğŸ‡µ,"U+1F1EF U+1F1F5",ja
110,Jersey,JEY,JE,+44-1534,"Saint Helier",GBP,Jersey,ğŸ‡¯ğŸ‡ª,"U+1F1EF U+1F1EA",en
111,Jordan,JOR,JO,962,Amman,JOD,Ø§Ù„Ø£Ø±Ø¯Ù†,ğŸ‡¯ğŸ‡´,"U+1F1EF U+1F1F4",ar
112,Kazakhstan,KAZ,KZ,7,Astana,KZT,ÒšĞ°Ğ·Ğ°Ò›ÑÑ‚Ğ°Ğ½,ğŸ‡°ğŸ‡¿,"U+1F1F0 U+1F1FF",kk
113,Kenya,KEN,KE,254,Nairobi,KES,Kenya,ğŸ‡°ğŸ‡ª,"U+1F1F0 U+1F1EA",en
114,Kiribati,KIR,KI,686,Tarawa,AUD,Kiribati,ğŸ‡°ğŸ‡®,"U+1F1F0 U+1F1EE",en
115,"North Korea",PRK,KP,850,Pyongyang,KPW,ë¶í•œ,ğŸ‡°ğŸ‡µ,"U+1F1F0 U+1F1F5",ko
116,"South Korea",KOR,KR,82,Seoul,KRW,ëŒ€í•œë¯¼êµ­,ğŸ‡°ğŸ‡·,"U+1F1F0 U+1F1F7",ko
117,Kuwait,KWT,KW,965,"Kuwait City",KWD,Ø§Ù„ÙƒÙˆÙŠØª,ğŸ‡°ğŸ‡¼,"U+1F1F0 U+1F1FC",sq
118,Kyrgyzstan,KGZ,KG,996,Bishkek,KGS,ĞšÑ‹Ñ€Ğ³Ñ‹Ğ·ÑÑ‚Ğ°Ğ½,ğŸ‡°ğŸ‡¬,"U+1F1F0 U+1F1EC",ky
119,Laos,LAO,LA,856,Vientiane,LAK,àºªàº›àº›àº¥àº²àº§,ğŸ‡±ğŸ‡¦,"U+1F1F1 U+1F1E6",lo
120,Latvia,LVA,LV,371,Riga,EUR,Latvija,ğŸ‡±ğŸ‡»,"U+1F1F1 U+1F1FB",lv
121,Lebanon,LBN,LB,961,Beirut,LBP,Ù„Ø¨Ù†Ø§Ù†,ğŸ‡±ğŸ‡§,"U+1F1F1 U+1F1E7",ar
122,Lesotho,LSO,LS,266,Maseru,LSL,Lesotho,ğŸ‡±ğŸ‡¸,"U+1F1F1 U+1F1F8",en
123,Liberia,LBR,LR,231,Monrovia,LRD,Liberia,ğŸ‡±ğŸ‡·,"U+1F1F1 U+1F1F7",en
124,Libya,LBY,LY,218,Tripolis,LYD,â€Ù„ÙŠØ¨ÙŠØ§,ğŸ‡±ğŸ‡¾,"U+1F1F1 U+1F1FE",ar
125,Liechtenstein,LIE,LI,423,Vaduz,CHF,Liechtenstein,ğŸ‡±ğŸ‡®,"U+1F1F1 U+1F1EE",de
126,Lithuania,LTU,LT,370,Vilnius,LTL,Lietuva,ğŸ‡±ğŸ‡¹,"U+1F1F1 U+1F1F9",lt
127,Luxembourg,LUX,LU,352,Luxembourg,EUR,Luxembourg,ğŸ‡±ğŸ‡º,"U+1F1F1 U+1F1FA",lb
128,"Macau",MAC,MO,853,Macao,MOP,æ¾³é–€,ğŸ‡²ğŸ‡´,"U+1F1F2 U+1F1F4",zh
129,Macedonia,MKD,MK,389,Skopje,MKD,"Ğ¡ĞµĞ²ĞµÑ€Ğ½Ğ° ĞœĞ°ĞºĞµĞ´Ğ¾Ğ½Ğ¸Ñ˜Ğ°",ğŸ‡²ğŸ‡°,"U+1F1F2 U+1F1F0",mk
130,Madagascar,MDG,MG,261,Antananarivo,MGA,Madagasikara,ğŸ‡²ğŸ‡¬,"U+1F1F2 U+1F1EC",fr
131,Malawi,MWI,MW,265,Lilongwe,MWK,Malawi,ğŸ‡²ğŸ‡¼,"U+1F1F2 U+1F1FC",ny
132,Malaysia,MYS,MY,60,"Kuala Lumpur",MYR,Malaysia,ğŸ‡²ğŸ‡¾,"U+1F1F2 U+1F1FE",ms
133,Maldives,MDV,MV,960,Male,MVR,Maldives,ğŸ‡²ğŸ‡»,"U+1F1F2 U+1F1FB",dv
134,Mali,MLI,ML,223,Bamako,XOF,Mali,ğŸ‡²ğŸ‡±,"U+1F1F2 U+1F1F1",fr
135,Malta,MLT,MT,356,Valletta,EUR,Malta,ğŸ‡²ğŸ‡¹,"U+1F1F2 U+1F1F9",en
136,"Isle of Man",IMN,IM,+44-1624,"Douglas, Isle of Man",GBP,"Isle of Man",ğŸ‡®ğŸ‡²,"U+1F1EE U+1F1F2",en
137,"Marshall Islands",MHL,MH,692,Majuro,USD,MÌ§ajeÄ¼,ğŸ‡²ğŸ‡­,"U+1F1F2 U+1F1ED",en
138,Martinique,MTQ,MQ,596,Fort-de-France,EUR,Martinique,ğŸ‡²ğŸ‡¶,"U+1F1F2 U+1F1F6",en
139,Mauritania,MRT,MR,222,Nouakchott,MRO,Ù…ÙˆØ±ÙŠØªØ§Ù†ÙŠØ§,ğŸ‡²ğŸ‡·,"U+1F1F2 U+1F1F7",ar
140,Mauritius,MUS,MU,230,"Port Louis",MUR,Maurice,ğŸ‡²ğŸ‡º,"U+1F1F2 U+1F1FA",en
141,Mayotte,MYT,YT,262,Mamoudzou,EUR,Mayotte,ğŸ‡¾ğŸ‡¹,"U+1F1FE U+1F1F9",fr
142,Mexico,MEX,MX,52,"Mexico City",MXN,MÃ©xico,ğŸ‡²ğŸ‡½,"U+1F1F2 U+1F1FD",es
143,Micronesia,FSM,FM,691,Palikir,USD,Micronesia,ğŸ‡«ğŸ‡²,"U+1F1EB U+1F1F2",en
144,Moldova,MDA,MD,373,Chisinau,MDL,Moldova,ğŸ‡²ğŸ‡©,"U+1F1F2 U+1F1E9",ro
145,Monaco,MCO,MC,377,Monaco,EUR,Monaco,ğŸ‡²ğŸ‡¨,"U+1F1F2 U+1F1E8",fr
146,Mongolia,MNG,MN,976,"Ulan Bator",MNT,"ĞœĞ¾Ğ½Ğ³Ğ¾Ğ» ÑƒĞ»Ñ",ğŸ‡²ğŸ‡³,"U+1F1F2 U+1F1F3",mn
147,Montenegro,MNE,ME,382,Podgorica,EUR,"Ğ¦Ñ€Ğ½Ğ° Ğ“Ğ¾Ñ€Ğ°",ğŸ‡²ğŸ‡ª,"U+1F1F2 U+1F1EA",sr
148,Montserrat,MSR,MS,+1-664,Plymouth,XCD,Montserrat,ğŸ‡²ğŸ‡¸,"U+1F1F2 U+1F1F8",en
149,Morocco,MAR,MA,212,Rabat,MAD,Ø§Ù„Ù…ØºØ±Ø¨,ğŸ‡²ğŸ‡¦,"U+1F1F2 U+1F1E6",ar
150,Mozambique,MOZ,MZ,258,Maputo,MZN,MoÃ§ambique,ğŸ‡²ğŸ‡¿,"U+1F1F2 U+1F1FF",pt
151,Myanmar,MMR,MM,95,"Nay Pyi Taw",MMK,á€™á€¼á€”á€ºá€™á€¬,ğŸ‡²ğŸ‡²,"U+1F1F2 U+1F1F2",my
152,Namibia,NAM,NA,264,Windhoek,NAD,Namibia,ğŸ‡³ğŸ‡¦,"U+1F1F3 U+1F1E6",en
153,Nauru,NRU,NR,674,Yaren,AUD,Nauru,ğŸ‡³ğŸ‡·,"U+1F1F3 U+1F1F7",na
154,Nepal,NPL,NP,977,Kathmandu,NPR,à¤¨à¤ªà¤²,ğŸ‡³ğŸ‡µ,"U+1F1F3 U+1F1F5",ne
155,"Netherlands Antilles",ANT,AN,,,,,,,nl
156,"Netherlands",NLD,NL,31,Amsterdam,EUR,Nederland,ğŸ‡³ğŸ‡±,"U+1F1F3 U+1F1F1",nl
157,"New Caledonia",NCL,NC,687,Noumea,XPF,Nouvelle-CalÃ©donie,ğŸ‡³ğŸ‡¨,"U+1F1F3 U+1F1E8",fr
158,"New Zealand",NZL,NZ,64,Wellington,NZD,"New Zealand",ğŸ‡³ğŸ‡¿,"U+1F1F3 U+1F1FF",en
159,Nicaragua,NIC,NI,505,Managua,NIO,Nicaragua,ğŸ‡³ğŸ‡®,"U+1F1F3 U+1F1EE",es
160,Niger,NER,NE,227,Niamey,XOF,Niger,ğŸ‡³ğŸ‡ª,"U+1F1F3 U+1F1EA",fr
161,Nigeria,NGA,NG,234,Abuja,NGN,Nigeria,ğŸ‡³ğŸ‡¬,"U+1F1F3 U+1F1EC",en
162,Niue,NIU,NU,683,Alofi,NZD,NiuÄ“,ğŸ‡³ğŸ‡º,"U+1F1F3 U+1F1FA",en
163,"Norfolk Island",NFK,NF,672,Kingston,AUD,"Norfolk Island",ğŸ‡³ğŸ‡«,"U+1F1F3 U+1F1EB",en
164,"Northern Mariana Islands",MNP,MP,+1-670,Saipan,USD,"Northern Mariana Islands",ğŸ‡²ğŸ‡µ,"U+1F1F2 U+1F1F5",ch
165,Norway,NOR,NO,47,Oslo,NOK,Norge,ğŸ‡³ğŸ‡´,"U+1F1F3 U+1F1F4",no
166,Oman,OMN,OM,968,Muscat,OMR,Ø¹Ù…Ø§Ù†,ğŸ‡´ğŸ‡²,"U+1F1F4 U+1F1F2",ar
167,Pakistan,PAK,PK,92,Islamabad,PKR,Pakistan,ğŸ‡µğŸ‡°,"U+1F1F5 U+1F1F0",ur
168,Palau,PLW,PW,680,Melekeok,USD,Palau,ğŸ‡µğŸ‡¼,"U+1F1F5 U+1F1FC",en
169,"Palestinian Territory",PSE,PS,970,"East Jerusalem",ILS,ÙÙ„Ø³Ø·ÙŠÙ†,ğŸ‡µğŸ‡¸,"U+1F1F5 U+1F1F8",ar
170,Panama,PAN,PA,507,"Panama City",PAB,PanamÃ¡,ğŸ‡µğŸ‡¦,"U+1F1F5 U+1F1E6",es
171,"Papua new Guinea",PNG,PG,675,"Port Moresby",PGK,"Papua Niugini",ğŸ‡µğŸ‡¬,"U+1F1F5 U+1F1EC",en
172,Paraguay,PRY,PY,595,Asuncion,PYG,Paraguay,ğŸ‡µğŸ‡¾,"U+1F1F5 U+1F1FE",es
173,Peru,PER,PE,51,Lima,PEN,PerÃº,ğŸ‡µğŸ‡ª,"U+1F1F5 U+1F1EA",es
174,Philippines,PHL,PH,63,Manila,PHP,Pilipinas,ğŸ‡µğŸ‡­,"U+1F1F5 U+1F1ED",en
175,"Pitcairn Island",PCN,PN,870,Adamstown,NZD,"Pitcairn Islands",ğŸ‡µğŸ‡³,"U+1F1F5 U+1F1F3",en
176,Poland,POL,PL,48,Warsaw,PLN,Polska,ğŸ‡µğŸ‡±,"U+1F1F5 U+1F1F1",pl
177,Portugal,PRT,PT,351,Lisbon,EUR,Portugal,ğŸ‡µğŸ‡¹,"U+1F1F5 U+1F1F9",pt
178,"Puerto Rico",PRI,PR,"+1-787, 1-939","San Juan",USD,"Puerto Rico",ğŸ‡µğŸ‡·,"U+1F1F5 U+1F1F7",es
179,Qatar,QAT,QA,974,Doha,QAR,Ù‚Ø·Ø±,ğŸ‡¶ğŸ‡¦,"U+1F1F6 U+1F1E6",ar
180,Reunion,REU,RE,262,Saint-Denis,EUR,"La RÃ©union",ğŸ‡·ğŸ‡ª,"U+1F1F7 U+1F1EA",fr
181,Romania,ROU,RO,40,Bucharest,RON,RomÃ¢nia,ğŸ‡·ğŸ‡´,"U+1F1F7 U+1F1F4",ro
182,Russia,RUS,RU,7,Moscow,RUB,Ğ Ğ¾ÑÑĞ¸Ñ,ğŸ‡·ğŸ‡º,"U+1F1F7 U+1F1FA",ru
183,Rwanda,RWA,RW,250,Kigali,RWF,Rwanda,ğŸ‡·ğŸ‡¼,"U+1F1F7 U+1F1FC",fr
184,"Saint Helena",SHN,SH,290,Jamestown,SHP,"Saint Helena",ğŸ‡¸ğŸ‡­,"U+1F1F8 U+1F1ED",en
185,"Saint Kitts And Nevis",KNA,KN,+1-869,Basseterre,XCD,"Saint Kitts and Nevis",ğŸ‡°ğŸ‡³,"U+1F1F0 U+1F1F3",en
186,"Saint Lucia",LCA,LC,+1-758,Castries,XCD,"Saint Lucia",ğŸ‡±ğŸ‡¨,"U+1F1F1 U+1F1E8",en
187,"Saint Pierre and Miquelon",SPM,PM,508,Saint-Pierre,EUR,Saint-Pierre-et-Miquelon,ğŸ‡µğŸ‡²,"U+1F1F5 U+1F1F2",fr
188,"Saint Vincent And The Grenadines",VCT,VC,+1-784,Kingstown,XCD,"Saint Vincent and the Grenadines",ğŸ‡»ğŸ‡¨,"U+1F1FB U+1F1E8",en
189,Saint-Barthelemy,BLM,BL,590,Gustavia,EUR,Saint-BarthÃ©lemy,ğŸ‡§ğŸ‡±,"U+1F1E7 U+1F1F1",fr
190,"Saint-Martin",MAF,MF,590,Marigot,EUR,Saint-Martin,ğŸ‡²ğŸ‡«,"U+1F1F2 U+1F1EB",fr
191,Samoa,WSM,WS,685,Apia,WST,Samoa,ğŸ‡¼ğŸ‡¸,"U+1F1FC U+1F1F8",en
192,"San Marino",SMR,SM,378,"San Marino",EUR,"San Marino",ğŸ‡¸ğŸ‡²,"U+1F1F8 U+1F1F2",it
193,"Sao Tome and Principe",STP,ST,239,"Sao Tome",STD,"SÃ£o TomÃ© e PrÃ­ncipe",ğŸ‡¸ğŸ‡¹,"U+1F1F8 U+1F1F9",pt
194,"Saudi Arabia",SAU,SA,966,Riyadh,SAR,"Ø§Ù„Ø¹Ø±Ø¨ÙŠØ© Ø§Ù„Ø³Ø¹ÙˆØ¯ÙŠØ©",ğŸ‡¸ğŸ‡¦,"U+1F1F8 U+1F1E6",ar
195,Senegal,SEN,SN,221,Dakar,XOF,SÃ©nÃ©gal,ğŸ‡¸ğŸ‡³,"U+1F1F8 U+1F1F3",fr
196,Serbia,SRB,RS,381,Belgrade,RSD,Ğ¡Ñ€Ğ±Ğ¸Ñ˜Ğ°,ğŸ‡·ğŸ‡¸,"U+1F1F7 U+1F1F8",sr
197,Seychelles,SYC,SC,248,Victoria,SCR,Seychelles,ğŸ‡¸ğŸ‡¨,"U+1F1F8 U+1F1E8",en
198,"Sierra Leone",SLE,SL,232,Freetown,SLL,"Sierra Leone",ğŸ‡¸ğŸ‡±,"U+1F1F8 U+1F1F1",en
199,Singapore,SGP,SG,65,Singapur,SGD,Singapore,ğŸ‡¸ğŸ‡¬,"U+1F1F8 U+1F1EC",en
200,Slovakia,SVK,SK,421,Bratislava,EUR,Slovensko,ğŸ‡¸ğŸ‡°,"U+1F1F8 U+1F1F0",sk
201,Slovenia,SVN,SI,386,Ljubljana,EUR,Slovenija,ğŸ‡¸ğŸ‡®,"U+1F1F8 U+1F1EE",sl
202,"Solomon Islands",SLB,SB,677,Honiara,SBD,"Solomon Islands",ğŸ‡¸ğŸ‡§,"U+1F1F8 U+1F1E7",en
203,Somalia,SOM,SO,252,Mogadishu,SOS,Soomaaliya,ğŸ‡¸ğŸ‡´,"U+1F1F8 U+1F1F4",so
204,"South Africa",ZAF,ZA,27,Pretoria,ZAR,"South Africa",ğŸ‡¿ğŸ‡¦,"U+1F1FF U+1F1E6",en
205,"South Georgia",SGS,GS,,Grytviken,GBP,"South Georgia",ğŸ‡¬ğŸ‡¸,"U+1F1EC U+1F1F8",en
206,"South Sudan",SSD,SS,211,Juba,SSP,"South Sudan",ğŸ‡¸ğŸ‡¸,"U+1F1F8 U+1F1F8",en
207,Spain,ESP,ES,34,Madrid,EUR,EspaÃ±a,ğŸ‡ªğŸ‡¸,"U+1F1EA U+1F1F8",es
208,"Sri Lanka",LKA,LK,94,Colombo,LKR,"Å›rÄ« laá¹ƒkÄva",ğŸ‡±ğŸ‡°,"U+1F1F1 U+1F1F0",si
209,Sudan,SDN,SD,249,Khartoum,SDG,Ø§Ù„Ø³ÙˆØ¯Ø§Ù†,ğŸ‡¸ğŸ‡©,"U+1F1F8 U+1F1E9",ar
210,Suriname,SUR,SR,597,Paramaribo,SRD,Suriname,ğŸ‡¸ğŸ‡·,"U+1F1F8 U+1F1F7",nl
211,"Svalbard And Jan Mayen Islands",SJM,SJ,47,Longyearbyen,NOK,"Svalbard og Jan Mayen",ğŸ‡¸ğŸ‡¯,"U+1F1F8 U+1F1EF",no
212,Swaziland,SWZ,SZ,268,Mbabane,SZL,Swaziland,ğŸ‡¸ğŸ‡¿,"U+1F1F8 U+1F1FF",en
213,Sweden,SWE,SE,46,Stockholm,SEK,Sverige,ğŸ‡¸ğŸ‡ª,"U+1F1F8 U+1F1EA",sv
214,Switzerland,CHE,CH,41,Berne,CHF,Schweiz,ğŸ‡¨ğŸ‡­,"U+1F1E8 U+1F1ED",de
215,Syria,SYR,SY,963,Damascus,SYP,Ø³ÙˆØ±ÙŠØ§,ğŸ‡¸ğŸ‡¾,"U+1F1F8 U+1F1FE",ar
216,Taiwan,TWN,TW,886,Taipei,TWD,è‡ºç£,ğŸ‡¹ğŸ‡¼,"U+1F1F9 U+1F1FC",zh
217,Tajikistan,TJK,TJ,992,Dushanbe,TJS,Ğ¢Ğ¾Ò·Ğ¸ĞºĞ¸ÑÑ‚Ğ¾Ğ½,ğŸ‡¹ğŸ‡¯,"U+1F1F9 U+1F1EF",tg
218,Tanzania,TZA,TZ,255,Dodoma,TZS,Tanzania,ğŸ‡¹ğŸ‡¿,"U+1F1F9 U+1F1FF",sw
219,Thailand,THA,TH,66,Bangkok,THB,à¸›à¸£à¸°à¹€à¸—à¸¨à¹„à¸—à¸¢,ğŸ‡¹ğŸ‡­,"U+1F1F9 U+1F1ED",th
220,Togo,TGO,TG,228,Lome,XOF,Togo,ğŸ‡¹ğŸ‡¬,"U+1F1F9 U+1F1EC",fr
221,Tokelau,TKL,TK,690,,NZD,Tokelau,ğŸ‡¹ğŸ‡°,"U+1F1F9 U+1F1F0",en
222,Tonga,TON,TO,676,Nuku'alofa,TOP,Tonga,ğŸ‡¹ğŸ‡´,"U+1F1F9 U+1F1F4",en
223,"Trinidad And Tobago",TTO,TT,+1-868,"Port of Spain",TTD,"Trinidad and Tobago",ğŸ‡¹ğŸ‡¹,"U+1F1F9 U+1F1F9",en
224,Tunisia,TUN,TN,216,Tunis,TND,ØªÙˆÙ†Ø³,ğŸ‡¹ğŸ‡³,"U+1F1F9 U+1F1F3",ar
225,Turkey,TUR,TR,90,Ankara,TRY,TÃ¼rkiye,ğŸ‡¹ğŸ‡·,"U+1F1F9 U+1F1F7",ar
226,Turkmenistan,TKM,TM,993,Ashgabat,TMT,TÃ¼rkmenistan,ğŸ‡¹ğŸ‡²,"U+1F1F9 U+1F1F2",tk
227,"Turks And Caicos Islands",TCA,TC,+1-649,"Cockburn Town",USD,"Turks and Caicos Islands",ğŸ‡¹ğŸ‡¨,"U+1F1F9 U+1F1E8",en
228,Tuvalu,TUV,TV,688,Funafuti,AUD,Tuvalu,ğŸ‡¹ğŸ‡»,"U+1F1F9 U+1F1FB",en
229,Uganda,UGA,UG,256,Kampala,UGX,Uganda,ğŸ‡ºğŸ‡¬,"U+1F1FA U+1F1EC",en
230,Ukraine,UKR,UA,380,Kiev,UAH,Ğ£ĞºÑ€Ğ°Ñ—Ğ½Ğ°,ğŸ‡ºğŸ‡¦,"U+1F1FA U+1F1E6",uk
231,"United Arab Emirates",ARE,AE,971,"Abu Dhabi",AED,"Ø¯ÙˆÙ„Ø© Ø§Ù„Ø¥Ù…Ø§Ø±Ø§Øª Ø§Ù„Ø¹Ø±Ø¨ÙŠØ© Ø§Ù„Ù…ØªØ­Ø¯Ø©",ğŸ‡¦ğŸ‡ª,"U+1F1E6 U+1F1EA",ar
232,"United Kingdom",GBR,GB,44,London,GBP,"United Kingdom",ğŸ‡¬ğŸ‡§,"U+1F1EC U+1F1E7",en
233,"United States",USA,US,1,Washington,USD,"United States",ğŸ‡ºğŸ‡¸,"U+1F1FA U+1F1F8",en
234,"United States Minor Outlying Islands",UMI,UM,1,,USD,"United States Minor Outlying Islands",ğŸ‡ºğŸ‡²,"U+1F1FA U+1F1F2",en
235,Uruguay,URY,UY,598,Montevideo,UYU,Uruguay,ğŸ‡ºğŸ‡¾,"U+1F1FA U+1F1FE",es
236,Uzbekistan,UZB,UZ,998,Tashkent,UZS,Oâ€˜zbekiston,ğŸ‡ºğŸ‡¿,"U+1F1FA U+1F1FF",uz
237,Vanuatu,VUT,VU,678,"Port Vila",VUV,Vanuatu,ğŸ‡»ğŸ‡º,"U+1F1FB U+1F1FA",en
238,"Vatican City State",VAT,VA,379,"Vatican City",EUR,Vaticano,ğŸ‡»ğŸ‡¦,"U+1F1FB U+1F1E6",la
239,Venezuela,VEN,VE,58,Caracas,VEF,Venezuela,ğŸ‡»ğŸ‡ª,"U+1F1FB U+1F1EA",es
240,Vietnam,VNM,VN,84,Hanoi,VND,"Viá»‡t Nam",ğŸ‡»ğŸ‡³,"U+1F1FB U+1F1F3",vi
241,"Virgin Islands (British)",VGB,VG,+1-284,"Road Town",USD,"British Virgin Islands",ğŸ‡»ğŸ‡¬,"U+1F1FB U+1F1EC",en
242,"Virgin Islands (US)",VIR,VI,+1-340,"Charlotte Amalie",USD,"United States Virgin Islands",ğŸ‡»ğŸ‡®,"U+1F1FB U+1F1EE",en
243,"Wallis And Futuna Islands",WLF,WF,681,"Mata Utu",XPF,"Wallis et Futuna",ğŸ‡¼ğŸ‡«,"U+1F1FC U+1F1EB",fr
244,"Western Sahara",ESH,EH,212,El-Aaiun,MAD,"Ø§Ù„ØµØ­Ø±Ø§Ø¡ Ø§Ù„ØºØ±Ø¨ÙŠØ©",ğŸ‡ªğŸ‡­,"U+1F1EA U+1F1ED",ar
244a,"Kosovo",XKX,XK,+383,Pristina,EUR,Kosovo,ğŸ‡½ğŸ‡°,"U+1F1FD  U+1F1F0",en
245,Yemen,YEM,YE,967,Sanaa,YER,Ø§Ù„ÙŠÙÙ…ÙÙ†,ğŸ‡¾ğŸ‡ª,"U+1F1FE U+1F1EA",ar
246,Zambia,ZMB,ZM,260,Lusaka,ZMK,Zambia,ğŸ‡¿ğŸ‡²,"U+1F1FF U+1F1F2",en
247,Zimbabwe,ZWE,ZW,263,Harare,ZWL,Zimbabwe,ğŸ‡¿ğŸ‡¼,"U+1F1FF U+1F1FC",en
