3039162,AD,Sant Julià de Loria
3039676,AD,Ordino
3040131,AD,La Massana
3040684,AD,Encamp
3041203,AD,Canillo
3041566,AD,Andorra la Vella
3338529,AD,Escaldes-Engordany
290595,AE,Imārat Umm al Qaywayn
291075,AE,Raʼs al Khaymah
292224,AE,Dubai
292673,AE,Sharjah
292879,AE,Fujairah
292933,AE,Ajman
292969,AE,Abu Dhabi
1121143,AF,Zabul
1121863,AF,Vardak
1123230,AF,Takhar
1127106,AF,Sar-e Pol
1127766,AF,Samangan
1131054,AF,Parwan
1131256,AF,Paktika
1131257,AF,Paktia
1131461,AF,Oruzgan
1131821,AF,Nimroz
1132366,AF,Nangarhar
1134561,AF,Logar
1135022,AF,Laghman
1135690,AF,Kunduz
1135702,AF,Kunar
1138255,AF,Kapisa
1138335,AF,Kandahar
1138957,AF,Kabul
1139049,AF,Jowzjan
1140025,AF,Herat
1140043,AF,Helmand
1141103,AF,Ghowr
1141268,AF,Ghazni
1142226,AF,Faryab
1142263,AF,Farah
1147239,AF,Bamyan
1147288,AF,Balkh
1147537,AF,Baghlan
1147707,AF,Badghis
1147745,AF,Badakhshan
1444362,AF,Khowst
1444363,AF,Nuristan
6957553,AF,Daykundi
6957555,AF,Panjshir
3576015,AG,Saint Philip
3576016,AG,Saint Peter
3576017,AG,Saint Paul
3576018,AG,Saint Mary
3576023,AG,Saint John
3576024,AG,Saint George
3576037,AG,Redonda
3576390,AG,Barbuda
11205389,AI,Blowing Point
11205392,AI,Sandy Ground
11205393,AI,Sandy Hill
11205396,AI,The Valley
11205433,AI,East End
11205436,AI,North Hill
11205437,AI,West End
11205438,AI,South Hill
11205439,AI,The Quarter
11205440,AI,North Side
11205441,AI,Island Harbour
11205442,AI,George Hill
11205443,AI,Stoney Ground
11205444,AI,The Farrington
865730,AL,Berat
865731,AL,Dibër
865732,AL,Elbasan
865733,AL,Gjirokastër
865734,AL,Korçë
865735,AL,Kukës
3344947,AL,Durrës
3344948,AL,Fier
3344949,AL,Lezhë
3344950,AL,Shkodër
3344951,AL,Tirana
3344952,AL,Vlorë
409313,AM,Ararat
409314,AM,Syunik
409315,AM,Vayots Dzor
616051,AM,Yerevan
828259,AM,Aragatsotn
828260,AM,Armavir
828261,AM,Gegharkunik
828262,AM,Kotayk
828263,AM,Lori
828264,AM,Shirak
828265,AM,Tavush
145701,AO,Lunda Sul
145702,AO,Luanda Norte
875996,AO,Moxico
876337,AO,Cuando Cobango
2236355,AO,Zaire
2236566,AO,Uíge
2239858,AO,Malanje
2240444,AO,Luanda
2241660,AO,Cuanza Norte
2243266,AO,Cabinda
2243598,AO,Bengo
3347016,AO,Namibe
3348303,AO,Huíla
3348310,AO,Huambo
3349096,AO,Cunene
3349234,AO,Kwanza Sul
3351640,AO,Bíe
3351660,AO,Benguela
3430657,AR,Misiones
3433896,AR,Formosa
3433955,AR,Buenos Aires F.D.
3434137,AR,Entre Rios
3435214,AR,Corrientes
3435907,AR,Buenos Aires
3833578,AR,Tucuman
3834450,AR,Tierra del Fuego
3835868,AR,Santiago del Estero
3836276,AR,Santa Fe
3836350,AR,Santa Cruz
3837029,AR,San Luis
3837152,AR,San Juan
3838231,AR,Salta
3838830,AR,Rio Negro
3843122,AR,Neuquen
3844419,AR,Mendoza
3848949,AR,La Rioja
3849574,AR,La Pampa
3853404,AR,Jujuy
3860255,AR,Cordoba
3861244,AR,Chubut
3861887,AR,Chaco
3862286,AR,Catamarca
5880873,AS,Western District
5881199,AS,Swains Island
5881219,AS,Eastern District
5881436,AS,Manu'a
7309441,AS,Rose Island
2761367,AT,Vienna
2762300,AT,Vorarlberg
2763586,AT,Tyrol
2764581,AT,Styria
2766823,AT,Salzburg
2769848,AT,Upper Austria
2770542,AT,Lower Austria
2774686,AT,Carinthia
2781194,AT,Burgenland
2058645,AU,Western Australia
2061327,AU,South Australia
2064513,AU,Northern Territory
2145234,AU,Victoria
2147291,AU,Tasmania
2152274,AU,Queensland
2155400,AU,New South Wales
2177478,AU,Australian Capital Territory
9611689,AX,Mariehamns stad
9611692,AX,Ålands landsbygd
9611694,AX,Ålands skärgård
146879,AZ,Beyləqan
146900,AZ,Zǝngilan
146962,AZ,Yardımlı
147163,AZ,Shusha
147269,AZ,Salyan
147284,AZ,Sabirabad
147287,AZ,Saatlı
147310,AZ,Bilǝsuvar
147422,AZ,Neftçala
147435,AZ,Nakhichevan
147551,AZ,Masally
147610,AZ,Lerik
147613,AZ,Lənkəran
147626,AZ,Laçın
147694,AZ,Qubadlı
147983,AZ,İmişli
148107,AZ,Füzuli
148140,AZ,Jabrayil
148155,AZ,Jalilabad
148442,AZ,Astara
148449,AZ,Xocalı
148615,AZ,Ağcabǝdi
148617,AZ,Ağdam
409417,AZ,Shirvan
409418,AZ,Lankaran Sahari
409419,AZ,Shusha City
409420,AZ,Tǝrtǝr
409421,AZ,Xankǝndi
409423,AZ,Khojavend
584583,AZ,Zərdab
584604,AZ,Zaqatala
584650,AZ,Yevlax
584742,AZ,Oğuz
584783,AZ,Ucar
584861,AZ,Tovuz
585030,AZ,Şamaxı
585031,AZ,Shaki
585059,AZ,Şǝmkir
585686,AZ,Kürdǝmir
585738,AZ,Qǝbǝlǝ
585749,AZ,Qusar
585786,AZ,Quba
585967,AZ,Goygol Rayon
586001,AZ,Xaçmaz
586047,AZ,Kalbajar
586087,AZ,Qazax
586112,AZ,Goranboy
586290,AZ,Qax
586320,AZ,İsmayıllı
586482,AZ,Göyçay
586725,AZ,Shabran
586771,AZ,Daşkǝsǝn
587010,AZ,Balakǝn
587056,AZ,Barda
587081,AZ,Baki
587245,AZ,Abşeron
587342,AZ,Ağsu
587376,AZ,Ağdaş
627535,AZ,Gǝdǝbǝy
828297,AZ,Ağstafa
828298,AZ,Gǝncǝ
828299,AZ,Mingǝcevir
828300,AZ,Naftalan
828301,AZ,Qobustan
828302,AZ,Samux
828303,AZ,Shaki City
828304,AZ,Siyǝzǝn
828305,AZ,Sumqayit
828306,AZ,Xızı
828307,AZ,Yevlax City
828315,AZ,Hacıqabul
3229999,BA,Federation of B&H
3230000,BA,Srpska
3294903,BA,Brčko
3373551,BB,Saint Thomas
3373553,BB,Saint Philip
3373554,BB,Saint Peter
3373557,BB,Saint Michael
3373565,BB,Saint Lucy
3373568,BB,Saint Joseph
3373569,BB,Saint John
3373570,BB,Saint James
3373572,BB,Saint George
3373580,BB,Saint Andrew
3373988,BB,Christ Church
1337166,BD,Rajshahi Division
1337179,BD,Dhaka
1337200,BD,Chittagong
1337210,BD,Khulna
1337229,BD,Barisāl
1477362,BD,Sylhet
7671048,BD,Rangpur Division
11287936,BD,Mymensingh Division
2800867,BE,Brussels Capital
3337387,BE,Wallonia
3337388,BE,Flanders
6930701,BF,Boucle du Mouhoun
6930703,BF,Cascades
6930704,BF,Centre
6930705,BF,Centre-Est
6930706,BF,Centre-Nord
6930707,BF,Centre-Ouest
6930708,BF,Centre-Sud
6930709,BF,Est
6930710,BF,Hauts-Bassins
6930711,BF,Nord
6930712,BF,Plateau-Central
6930713,BF,Sahel
6930714,BF,Sud-Ouest
453751,BG,Razgrad
453753,BG,Montana
725713,BG,Vratsa
726051,BG,Varna
726419,BG,Dobrich
727012,BG,Sofia
727524,BG,Ruse
728194,BG,Plovdiv
728204,BG,Pleven
728331,BG,Pernik
728379,BG,Pazardzhik
729560,BG,Lovech
730436,BG,Haskovo
731061,BG,Sofia-Capital
732771,BG,Burgas
733192,BG,Blagoevgrad
864552,BG,Gabrovo
864553,BG,Kardzhali
864554,BG,Kyustendil
864555,BG,Shumen
864556,BG,Silistra
864557,BG,Sliven
864558,BG,Smolyan
864559,BG,Stara Zagora
864560,BG,Targovishte
864561,BG,Veliko Tarnovo
864562,BG,Vidin
864563,BG,Yambol
290333,BH,Muharraq
7090954,BH,Manama
7090972,BH,Southern Governorate
7090974,BH,Northern
422233,BI,Makamba
423327,BI,Bururi
425550,BI,Muramvya
426271,BI,Gitega
426699,BI,Ruyigi
427700,BI,Cankuzo
428218,BI,Karuzi
428514,BI,Bubanza
430020,BI,Cibitoke
430567,BI,Ngozi
430951,BI,Kayanza
431747,BI,Muyinga
432455,BI,Kirundo
434147,BI,Rutana
434386,BI,Mwaro
7303939,BI,Bujumbura Mairie
7303940,BI,Bujumbura Rural
11184798,BI,Rumonge
2390719,BJ,Zou
2392325,BJ,Ouémé
2392716,BJ,Mono
2394992,BJ,Borgou
2395504,BJ,Atlantique
2395524,BJ,Atakora
2597271,BJ,Alibori
2597272,BJ,Collines
2597273,BJ,Kouffo
2597274,BJ,Donga
2597275,BJ,Littoral
2597277,BJ,Plateau
3572972,BM,Warwick
3573026,BM,Southampton
3573031,BM,Smithʼs
3573050,BM,Sandys
3573057,BM,Saint Georgeʼs
3573062,BM,Saint George
3573095,BM,Pembroke
3573103,BM,Paget
3573195,BM,Hamilton
3573198,BM,Hamilton city
3573251,BM,Devonshire
1820068,BN,Tutong
1820106,BN,Temburong
1820818,BN,Brunei-Muara District
1820869,BN,Belait
3903319,BO,Tarija
3904907,BO,Santa Cruz
3907580,BO,Potosí
3908600,BO,Pando
3909233,BO,Oruro
3911924,BO,La Paz
3919966,BO,Cochabamba
3920177,BO,Chuquisaca
3923172,BO,El Beni
7609816,BQ,Bonaire
7610358,BQ,Saba
7610359,BQ,Sint Eustatius
3390290,BR,Rio Grande do Norte
3392213,BR,Piauí
3392268,BR,Pernambuco
3393098,BR,Paraíba
3393129,BR,Pará
3395443,BR,Maranhão
3402362,BR,Ceará
3407762,BR,Amapá
3408096,BR,Alagoas
3447799,BR,Sergipe
3448433,BR,São Paulo
3450387,BR,Santa Catarina
3451133,BR,Rio Grande do Sul
3451189,BR,Rio de Janeiro
3455077,BR,Paraná
3457153,BR,Minas Gerais
3457415,BR,Mato Grosso do Sul
3457419,BR,Mato Grosso
3462372,BR,Goiás
3463504,BR,Federal District
3463930,BR,Espírito Santo
3471168,BR,Bahia
3474575,BR,Tocantins
3662560,BR,Roraima
3665361,BR,Amazonas
3665474,BR,Acre
3924825,BR,Rondônia
3571493,BS,San Salvador
3571629,BS,Ragged Island
3571809,BS,Berry Islands
3571815,BS,New Providence
3571894,BS,Mayaguana
3572005,BS,Long Island
3572154,BS,Inagua
3572238,BS,Harbour Island
3572374,BS,Freeport
3572427,BS,Exuma
3572678,BS,Cat Island
3572807,BS,Bimini
3572937,BS,Acklins
8030541,BS,Black Point
8030542,BS,Central Abaco
8030543,BS,Central Andros
8030544,BS,Central Eleuthera
8030545,BS,Crooked Island and Long Cay
8030546,BS,East Grand Bahama
8030547,BS,Grand Cay
8030548,BS,Hope Town
8030549,BS,Mangrove Cay
8030550,BS,Moore’s Island
8030551,BS,North Abaco
8030552,BS,North Andros
8030553,BS,North Eleuthera
8030554,BS,Rum Cay
8030555,BS,South Abaco
8030556,BS,South Andros
8030557,BS,South Eleuthera
8030558,BS,Spanish Wells
8030559,BS,West Grand Bahama
1337278,BT,Bumthang
1337279,BT,Chukha
1337280,BT,Dagana
1337281,BT,Chirang
1337282,BT,Geylegphug
1337283,BT,Haa
1337284,BT,Lhuntse
1337285,BT,Mongar
1337286,BT,Paro
1337287,BT,Pemagatshel
1337288,BT,Punakha
1337289,BT,Samchi
1337290,BT,Samdrup Jongkhar
1337291,BT,Shemgang
1337292,BT,Tashigang
1337293,BT,Thimphu
1337294,BT,Tongsa
1337295,BT,Wangdi Phodrang
7303651,BT,Gasa
7303653,BT,Trashi Yangste
933043,BW,Ngwaketsi
933044,BW,South-East
933210,BW,North-East
933230,BW,North-West
933562,BW,Kweneng
933654,BW,Kgatleng
933657,BW,Kgalagadi
933758,BW,Ghanzi
933840,BW,Chobe
933851,BW,Central
11778168,BW,City of Francistown
11778169,BW,Gaborone
11778170,BW,Jwaneng
11778171,BW,Lobatse
11778172,BW,Selibe Phikwe
11778173,BW,Sowa Town
620134,BY,Vitebsk
625073,BY,Mogilev
625142,BY,Minsk
625143,BY,Minsk City
628035,BY,Grodnenskaya
628281,BY,Gomel Oblast
629631,BY,Brest
3580913,BZ,Toledo
3580975,BZ,Stann Creek
3581511,BZ,Orange Walk
3582302,BZ,Corozal
3582429,BZ,Cayo
3582676,BZ,Belize
5883102,CA,Alberta
5909050,CA,British Columbia
6065171,CA,Manitoba
6087430,CA,New Brunswick
6091069,CA,Northwest Territories
6091530,CA,Nova Scotia
6091732,CA,Nunavut
6093943,CA,Ontario
6113358,CA,Prince Edward Island
6115047,CA,Quebec
6141242,CA,Saskatchewan
6185811,CA,Yukon
6354959,CA,Newfoundland and Labrador
204697,CD,Tshuapa
204704,CD,Tshopo
205253,CD,Tanganyika
205413,CD,South Kivu
205828,CD,Sankuru
206938,CD,Nord Kivu
208741,CD,Mongala
209610,CD,Maniema
210596,CD,Kasai-Central
214138,CD,Kasaï-Oriental
214140,CD,Kasai
215709,CD,Ituri
216140,CD,Haut-Uele
216141,CD,Haut-Lomami
216661,CD,Équateur
219402,CD,Bas-Uele
922727,CD,Lualaba
2313191,CD,Mai-Ndombe
2313847,CD,Kwilu
2313860,CD,Kwango
2314300,CD,Kinshasa
2317277,CD,Bas-Congo
11288213,CD,Haut-Katanga
11288214,CD,Lomami
11288215,CD,Nord-Ubangi
11288216,CD,Sud-Ubangi
236178,CF,Vakaga
236887,CF,Ouaka
237556,CF,Mbomou
238639,CF,Haut-Mbomou
238640,CF,Haute-Kotto
240396,CF,Basse-Kotto
240591,CF,Bamingui-Bangoran
2383204,CF,Sangha-Mbaéré
2383650,CF,Ouham-Pendé
2383653,CF,Ouham
2383765,CF,Ombella-M'Poko
2384205,CF,Nana-Mambéré
2385105,CF,Lobaye
2385836,CF,Kémo
2386161,CF,Mambéré-Kadéï
2386243,CF,Nana-Grébizi
2596686,CF,Bangui
2255329,CG,Sangha
2255404,CG,Pool
2255422,CG,Plateaux
2256175,CG,Niari
2258431,CG,Likouala
2258534,CG,Lékoumou
2258738,CG,Kouilou
2260487,CG,Cuvette
2260668,CG,Bouenza
2572183,CG,Brazzaville
2593118,CG,Cuvette-Ouest
7280295,CG,Pointe-Noire
2657895,CH,Zurich
2657907,CH,Zug
2658182,CH,Vaud
2658205,CH,Valais
2658226,CH,Uri
2658370,CH,Ticino
2658372,CH,Thurgau
2658563,CH,Solothurn
2658664,CH,Schwyz
2658760,CH,Schaffhausen
2658821,CH,Saint Gallen
2659315,CH,Obwalden
2659471,CH,Nidwalden
2659495,CH,Neuchâtel
2659810,CH,Lucerne
2660207,CH,Jura
2660522,CH,Grisons
2660593,CH,Glarus
2660645,CH,Geneva
2660717,CH,Fribourg
2661551,CH,Bern
2661602,CH,Basel-City
2661603,CH,Basel-Landschaft
2661739,CH,Appenzell Ausserrhoden
2661741,CH,Appenzell Innerrhoden
2661876,CH,Aargau
10629377,CI,Yamoussoukro
11153052,CI,Bas-Sassandra
11153053,CI,Comoé
11153054,CI,Denguélé
11153055,CI,Gôh-Djiboua
11153056,CI,Lacs
11153057,CI,Lagunes
11153058,CI,Montagnes
11153059,CI,Sassandra-Marahoué
11153060,CI,Savanes
11153061,CI,Vallée du Bandama
11153062,CI,Woroba
11153063,CI,Zanzan
11153151,CI,Abidjan
11695124,CK,Aitutaki
11695126,CK,Atiu
11695127,CK,Mangaia
11695384,CK,Manihiki
11695385,CK,Ma'uke
11695386,CK,Mitiaro
11695387,CK,Palmerston
11695388,CK,Penrhyn
11695389,CK,Pukapuka
11695390,CK,Rakahanga
11695425,CK,Rarotonga
3868621,CL,Valparaíso
3870116,CL,Tarapacá
3873544,CL,Santiago Metropolitan
3880306,CL,Maule Region
3881974,CL,Los Lagos Region
3883281,CL,O'Higgins Region
3893623,CL,Coquimbo Region
3898380,CL,Biobío
3899191,CL,Atacama
3899463,CL,Araucanía
3899537,CL,Antofagasta
3900333,CL,Aysén
4036650,CL,Region of Magallanes
6693562,CL,Arica y Parinacota
6693563,CL,Los Ríos Region
11979367,CL,Ñuble
2221788,CM,South-West
2221789,CM,South
2222934,CM,West
2223602,CM,North-West
2223603,CM,North
2229336,CM,Littoral
2231755,CM,Far North
2231835,CM,East
2233376,CM,Centre
2236015,CM,Adamaoua
1279685,CN,Tibet
1280239,CN,Qinghai
1529047,CN,Xinjiang
1784764,CN,Zhejiang
1785694,CN,Yunnan
1792943,CN,Tianjin
1794299,CN,Sichuan
1795912,CN,Shanxi
1796231,CN,Shanghai
1796328,CN,Shandong
1796480,CN,Shaanxi
1799355,CN,Ningxia Hui Autonomous Region
1806222,CN,Jiangxi
1806260,CN,Jiangsu
1806691,CN,Hunan
1806949,CN,Hubei
1808520,CN,Henan
1808773,CN,Hebei
1809054,CN,Hainan
1809445,CN,Guizhou
1809867,CN,Guangxi
1809935,CN,Guangdong
1810676,CN,Gansu
1811017,CN,Fujian
1814905,CN,Chongqing
1818058,CN,Anhui
2035607,CN,Inner Mongolia
2036115,CN,Liaoning
2036500,CN,Jilin
2036965,CN,Heilongjiang
2038349,CN,Beijing
3666082,CO,Vichada
3666254,CO,Vaupés
3666313,CO,Valle del Cauca
3666951,CO,Tolima
3667725,CO,Sucre
3668578,CO,Santander
3670205,CO,San Andres y Providencia
3670698,CO,Risaralda
3671087,CO,Quindío
3671178,CO,Putumayo
3673798,CO,Norte de Santander
3674021,CO,Nariño
3674810,CO,Meta
3675686,CO,Magdalena
3678847,CO,La Guajira
3680692,CO,Huila
3681344,CO,Guaviare
3681652,CO,Guainía
3685413,CO,Cundinamarca
3685889,CO,Córdoba
3686431,CO,Chocó
3686880,CO,Cesar
3687029,CO,Cauca
3687173,CO,Casanare
3687479,CO,Caquetá
3687951,CO,Caldas
3688536,CO,Boyacá
3688650,CO,Bolívar
3688685,CO,Bogota D.C.
3689436,CO,Atlántico
3689717,CO,Arauca
3689815,CO,Antioquia
3689982,CO,Amazonas
3621837,CR,San José
3622226,CR,Puntarenas
3623064,CR,Limón
3623484,CR,Heredia
3623582,CR,Guanacaste
3624368,CR,Cartago
3624953,CR,Alajuela
3534168,CU,Villa Clara
3536725,CU,Santiago de Cuba
3540665,CU,Sancti Spíritus
3544088,CU,Pinar del Río
3547394,CU,Matanzas
3550595,CU,Las Tunas
3556608,CU,Isla de la Juventud
3556965,CU,Holguín
3557685,CU,Guantánamo
3558052,CU,Granma
3564073,CU,Havana
3564120,CU,Cienfuegos
3564175,CU,Ciego de Ávila
3566062,CU,Camagüey
7668824,CU,Artemisa
7668827,CU,Mayabeque
3374161,CV,Tarrafal
3374198,CV,São Vicente
3374226,CV,Santa Catarina
3374249,CV,Sal
3374274,CV,Ribeira Grande
3374332,CV,Praia
3374391,CV,Paul
3374487,CV,Maio
3374832,CV,Brava
3374855,CV,Boa Vista
3411924,CV,Mosteiros
3411925,CV,Santa Cruz
3411926,CV,São Domingos
3411927,CV,São Filipe
3411928,CV,São Miguel
7602868,CV,Porto Novo
7602869,CV,Ribeira Brava
7602870,CV,Santa Catarina do Fogo
7602871,CV,São Salvador do Mundo
7602872,CV,Tarrafal de São Nicolau
7602873,CV,São Lourenço dos Órgãos
7603281,CV,Ribeira Grande de Santiago
146213,CY,Pafos
146267,CY,Nicosia
146383,CY,Limassol
146398,CY,Larnaka
146411,CY,Keryneia
146615,CY,Ammochostos
3067695,CZ,Hlavní město Praha
3339536,CZ,South Moravian
3339537,CZ,Jihočeský kraj
3339538,CZ,Vysočina
3339539,CZ,Karlovarský kraj
3339540,CZ,Královéhradecký kraj
3339541,CZ,Liberecký kraj
3339542,CZ,Olomoucký
3339573,CZ,Moravskoslezský
3339574,CZ,Pardubický
3339575,CZ,Plzeňský kraj
3339576,CZ,Central Bohemia
3339577,CZ,Ústecký kraj
3339578,CZ,Zlín
2822542,DE,Thuringia
2838632,DE,Schleswig-Holstein
2842565,DE,Saxony-Anhalt
2842566,DE,Saxony
2842635,DE,Saarland
2847618,DE,Rheinland-Pfalz
2861876,DE,North Rhine-Westphalia
2862926,DE,Lower Saxony
2872567,DE,Mecklenburg-Vorpommern
2905330,DE,Hesse
2911297,DE,Hamburg
2944387,DE,Bremen
2945356,DE,Brandenburg
2950157,DE,Berlin
2951839,DE,Bavaria
2953481,DE,Baden-Württemberg
220781,DJ,Tadjourah
221525,DJ,Obock
223818,DJ,Djibouti
223889,DJ,Dikhil
225282,DJ,Ali Sabieh
449265,DJ,Arta
6418538,DK,Capital Region
6418539,DK,Central Jutland
6418540,DK,North Denmark
6418541,DK,Zealand
6418542,DK,South Denmark
3575618,DM,Saint Peter
3575619,DM,Saint Paul
3575620,DM,Saint Patrick
3575621,DM,Saint Mark
3575622,DM,Saint Luke
3575625,DM,Saint Joseph
3575626,DM,Saint John
3575628,DM,Saint George
3575630,DM,Saint David
3575632,DM,Saint Andrew
3492112,DO,Valverde
3492912,DO,Santiago Rodríguez
3492918,DO,Santiago
3493031,DO,San Pedro de Macorís
3493091,DO,San Juan
3493186,DO,San Cristóbal
3493192,DO,Sánchez Ramírez
3493232,DO,Samaná
3493282,DO,Hermanas Mirabal
3494267,DO,Puerto Plata
3495015,DO,Peravia
3495136,DO,Pedernales
3496024,DO,Nacional
3496132,DO,Monte Plata
3496200,DO,Monte Cristi
3496274,DO,Monseñor Nouel
3496772,DO,María Trinidad Sánchez
3499977,DO,La Vega
3500955,DO,La Romana
3503706,DO,La Altagracia
3504326,DO,Independencia
3504766,DO,Hato Mayor
3505867,DO,Espaillat
3506189,DO,El Seíbo
3507269,DO,Elías Piña
3508718,DO,Duarte
3508951,DO,Dajabón
3512042,DO,Barahona
3512050,DO,Baoruco
3512209,DO,Azua
6201372,DO,San José de Ocoa
6201373,DO,Santo Domingo
2475683,DZ,Tlemcen
2475741,DZ,Tizi Ouzou
2475858,DZ,Tissemsilt
2476027,DZ,Tipaza
2476302,DZ,Tindouf
2476893,DZ,Tiaret
2477457,DZ,Tébessa
2478217,DZ,Tamanrasset
2479213,DZ,Souk Ahras
2479532,DZ,Skikda
2481001,DZ,Sidi Bel Abbès
2481696,DZ,Sétif
2482557,DZ,Saida
2483666,DZ,Relizane
2484618,DZ,Oum el Bouaghi
2485794,DZ,Ouargla
2485920,DZ,Oran
2486512,DZ,Naama
2486682,DZ,M'Sila
2487130,DZ,Mostaganem
2487449,DZ,Mila
2488831,DZ,Medea
2490095,DZ,Mascara
2491188,DZ,Laghouat
2491887,DZ,Khenchela
2492910,DZ,Jijel
2493455,DZ,Illizi
2495659,DZ,Guelma
2496045,DZ,Ghardaia
2497322,DZ,El Tarf
2497406,DZ,El Oued
2498541,DZ,El Bayadh
2500013,DZ,Djelfa
2501147,DZ,Constantine
2501296,DZ,Chlef
2502638,DZ,Boumerdes
2502951,DZ,Bouira
2503699,DZ,Bordj Bou Arréridj
2503765,DZ,Blida
2503822,DZ,Biskra
2505325,DZ,Béjaïa
2505525,DZ,Béchar
2505569,DZ,Batna
2506994,DZ,Annaba
2507475,DZ,Algiers
2507899,DZ,Aïn Témouchent
2508226,DZ,Aïn Defla
2508807,DZ,Adrar
3649953,EC,Zamora-Chinchipe
3650445,EC,Tungurahua
3653224,EC,Pichincha
3653392,EC,Pastaza
3653890,EC,Napo
3654005,EC,Morona-Santiago
3654451,EC,Manabí
3654592,EC,Los Ríos
3654665,EC,Loja
3655635,EC,Imbabura
3657505,EC,Guayas
3657879,EC,Galápagos
3657986,EC,Esmeraldas
3658195,EC,El Oro
3658766,EC,Cotopaxi
3659237,EC,Chimborazo
3659718,EC,Carchi
3659849,EC,Cañar
3660130,EC,Bolívar
3660431,EC,Azuay
3830305,EC,Sucumbios
3830306,EC,Orellana
7062136,EC,Santo Domingo de los Tsáchilas
7062138,EC,Santa Elena
587448,EE,Võrumaa
587590,EE,Viljandimaa
587875,EE,Valgamaa
588334,EE,Tartu
588879,EE,Saare
589115,EE,Raplamaa
589373,EE,Põlvamaa
589576,EE,Pärnumaa
590854,EE,Lääne-Virumaa
590856,EE,Lääne
591901,EE,Jõgevamaa
591961,EE,Järvamaa
592075,EE,Ida-Virumaa
592133,EE,Hiiumaa
592170,EE,Harjumaa
347794,EG,Sohag
349401,EG,North Sinai
350546,EG,Qena
352603,EG,Matruh
354500,EG,Kafr el-Sheikh
355182,EG,South Sinai
358044,EG,Damietta
358617,EG,Port Said
359171,EG,Beni Suweif
359781,EG,Asyut
359787,EG,Aswan
359797,EG,Suez
360016,EG,Sharqia
360483,EG,New Valley
360621,EG,Qalyubia
360631,EG,Cairo
360688,EG,Minya
360689,EG,Monufia
360997,EG,Giza
361056,EG,Ismailia
361059,EG,Alexandria
361294,EG,Gharbia
361323,EG,Faiyum
361370,EG,Beheira
361468,EG,Red Sea
361849,EG,Dakahlia
7603259,EG,Luxor
448497,ER,Anseba
448498,ER,Debub
448499,ER,Southern Red Sea
448500,ER,Gash-Barka
448501,ER,Maekel
448502,ER,Northern Red Sea
2513413,ES,Murcia
2519582,ES,Ceuta
2521383,ES,Balearic Islands
2593109,ES,Andalusia
2593110,ES,Canary Islands
2593111,ES,Castille-La Mancha
2593112,ES,Extremadura
2593113,ES,Valencia
3114710,ES,Asturias
3115609,ES,Navarre
3117732,ES,Madrid
3336897,ES,La Rioja
3336898,ES,Cantabria
3336899,ES,Aragon
3336900,ES,Castille and León
3336901,ES,Catalonia
3336902,ES,Galicia
3336903,ES,Basque Country
6362988,ES,Melilla
444178,ET,Addis Ababa
444179,ET,Āfar
444180,ET,Amhara
444181,ET,Bīnshangul Gumuz
444182,ET,Dire Dawa
444183,ET,Gambela
444184,ET,Harari
444185,ET,Oromiya
444186,ET,Somali
444187,ET,Tigray
444188,ET,SNNPR
830603,FI,Lapland
830664,FI,Kainuu
830667,FI,Northern Ostrobothnia
830675,FI,Central Ostrobothnia
830676,FI,Ostrobothnia
830682,FI,Southern Ostrobothnia
830685,FI,Central Finland
830686,FI,North Karelia
830690,FI,Northern Savonia
830695,FI,South Savo
830699,FI,South Karelia
830703,FI,Kymenlaakso
830704,FI,Pirkanmaa
830705,FI,Kanta-Hame
830708,FI,Southwest Finland
830709,FI,Uusimaa
831040,FI,Paijat-Hame
831041,FI,Satakunta
2194371,FJ,Western
2199295,FJ,Northern
2205272,FJ,Central
4036647,FJ,Eastern
6324593,FJ,Rotuma
2081175,FM,Yap
2081550,FM,Pohnpei
2082036,FM,Kosrae
2082282,FM,Chuuk
2610816,FO,Vágar
2612137,FO,Suðuroy
2612225,FO,Streymoy
2614219,FO,Sandoy
2616145,FO,Norðoyar
2622387,FO,Eysturoy
2985244,FR,Provence-Alpes-Côte d'Azur
2988289,FR,Pays de la Loire
3012874,FR,Île-de-France
3023519,FR,Corsica
3027939,FR,Centre
3030293,FR,Brittany
11071619,FR,Bourgogne-Franche-Comté
11071620,FR,Nouvelle-Aquitaine
11071621,FR,Normandy
11071622,FR,Grand Est
11071623,FR,Occitanie
11071624,FR,Hauts-de-France
11071625,FR,Auvergne-Rhône-Alpes
2396076,GA,Woleu-Ntem
2396924,GA,Ogooué-Maritime
2396925,GA,Ogooué-Lolo
2396926,GA,Ogooué-Ivindo
2397141,GA,Nyanga
2397466,GA,Ngouni
2397842,GA,Moyen-Ogooué
2400454,GA,Haut-Ogooué
2400682,GA,Estuaire
2634895,GB,Wales
2638360,GB,Scotland
2641364,GB,Northern Ireland
6269131,GB,England
3579907,GD,Saint Patrick
3579913,GD,Saint Mark
3579919,GD,Saint John
3579926,GD,Saint George
3579932,GD,Saint David
3579938,GD,Saint Andrew
7303836,GD,Carriacou and Petite Martinique
611716,GE,T'bilisi
615929,GE,Ajaria
865536,GE,Kvemo Kartli
865537,GE,Kakheti
865538,GE,Guria
865539,GE,Imereti
865540,GE,Shida Kartli
865541,GE,Mtskheta-Mtianeti
865542,GE,Racha-Lechkhumi and Kvemo Svaneti
865543,GE,Samegrelo and Zemo Svaneti
865544,GE,Samtskhe-Javakheti
6643410,GE,Abkhazia
6690605,GF,Guyane
6417213,GG,St Pierre du Bois
6417214,GG,Torteval
6417215,GG,Saint Saviour
6417223,GG,Forest
6417224,GG,St Martin
6417226,GG,Saint Andrew
6417228,GG,St Peter Port
6417229,GG,Castel
6417230,GG,Vale
6417233,GG,St Sampson
8989934,GG,Alderney
2294076,GH,Western
2294234,GH,Volta
2294286,GH,Upper West
2294291,GH,Upper East
2297169,GH,Northern
2300569,GH,Greater Accra
2301360,GH,Eastern
2302353,GH,Central
2304116,GH,Ashanti
12105069,GH,Bono
12105070,GH,Oti
12105071,GH,North East
12105072,GH,Ahafo
12105073,GH,Bono East
12105074,GH,Savannah
12105075,GH,Western North
7602005,GL,Kujalleq
7602006,GL,Qeqqata
7602007,GL,Sermersooq
11839534,GL,Qeqertalik
11839537,GL,Avannaata
2411683,GM,Western
2411711,GM,Upper River
2412353,GM,North Bank
2412707,GM,Central River
2412716,GM,Lower River
2413875,GM,Banjul
2422464,GN,Conakry
8335085,GN,Boke
8335086,GN,Faranah
8335087,GN,Kankan
8335088,GN,Kindia
8335089,GN,Labe
8335090,GN,Mamou
8335091,GN,Nzerekore
6690363,GP,Guadeloupe
2310307,GQ,Annobon
2566978,GQ,Bioko Norte
2566979,GQ,Bioko Sur
2566980,GQ,Centro Sur
2566981,GQ,Kié-Ntem
2566982,GQ,Litoral
2566983,GQ,Wele-Nzas
736572,GR,Mount Athos
6692632,GR,Attica
6697800,GR,Central Greece
6697801,GR,Central Macedonia
6697802,GR,Crete
6697803,GR,East Macedonia and Thrace
6697804,GR,Epirus
6697805,GR,Ionian Islands
6697806,GR,North Aegean
6697807,GR,Peloponnese
6697808,GR,South Aegean
6697809,GR,Thessaly
6697810,GR,West Greece
6697811,GR,West Macedonia
3587586,GT,Zacapa
3588257,GT,Totonicapán
3588668,GT,Suchitepeque
3588697,GT,Sololá
3589172,GT,Santa Rosa
3589801,GT,San Marcos
3590686,GT,Sacatepéquez
3590857,GT,Retalhuleu
3590964,GT,Quiché
3590978,GT,Quetzaltenango
3591410,GT,Petén
3595067,GT,Jutiapa
3595236,GT,Jalapa
3595259,GT,Izabal
3595415,GT,Huehuetenango
3595530,GT,Guatemala
3595802,GT,Escuintla
3596416,GT,El Progreso
3598464,GT,Chiquimula
3598571,GT,Chimaltenango
3599602,GT,Baja Verapaz
3599773,GT,Alta Verapaz
4038478,GU,Piti
4038555,GU,Santa Rita
4038590,GU,Sinajana
4038652,GU,Talofofo
4038661,GU,Tamuning
4038739,GU,Umatac
4038796,GU,Yigo
4038811,GU,Yona
4043396,GU,Merizo
4043416,GU,Mangilao
4043524,GU,Agana Heights
4043614,GU,Chalan Pago-Ordot
4043691,GU,Asan
4043725,GU,Agat
4043877,GU,Dededo
4043885,GU,Barrigada
4044019,GU,Hagatna
4044041,GU,Inarajan
4044148,GU,Mongmong-Toto-Maite
2368955,GW,Tombali
2370360,GW,Quinara
2371071,GW,Oio
2372533,GW,Gabú
2374312,GW,Cacheu
2374689,GW,Bolama
2374776,GW,Bissau
2374820,GW,Biombo
2375255,GW,Bafatá
3375463,GY,Upper Takutu-Upper Essequibo
3375469,GY,Upper Demerara-Berbice
3376386,GY,Potaro-Siparuni
3376407,GY,Pomeroon-Supenaam
3377274,GY,Mahaica-Berbice
3378741,GY,Essequibo Islands-West Demerara
3378840,GY,East Berbice-Corentyne
3378950,GY,Demerara-Mahaica
3379023,GY,Cuyuni-Mazaruni
3379515,GY,Barima-Waini
1818224,HK,Yuen Long
1818458,HK,Tsuen Wan
1818672,HK,Tai Po
1819049,HK,Sai Kung
1819708,HK,Islands
7533598,HK,Central and Western
7533607,HK,Wan Chai
7533608,HK,Eastern
7533609,HK,Southern
7533610,HK,Yau Tsim Mong
7533611,HK,Sham Shui Po
7533612,HK,Kowloon City
7533613,HK,Wong Tai Sin
7533614,HK,Kwun Tong
7533615,HK,Kwai Tsing
7533616,HK,Tuen Mun
7533617,HK,North
7533618,HK,Sha Tin
3600193,HN,Yoro
3600456,HN,Valle
3601689,HN,Santa Bárbara
3604249,HN,Olancho
3604318,HN,Ocotepeque
3606066,HN,Lempira
3607251,HN,La Paz
3608814,HN,Bay Islands
3608833,HN,Intibucá
3609583,HN,Gracias a Dios
3609672,HN,Francisco Morazán
3610942,HN,El Paraíso
3613140,HN,Cortés
3613229,HN,Copán
3613319,HN,Comayagua
3613358,HN,Colón
3613527,HN,Choluteca
3615027,HN,Atlántida
3337511,HR,Bjelovarsko-Bilogorska
3337512,HR,Slavonski Brod-Posavina
3337513,HR,Dubrovačko-Neretvanska
3337514,HR,Istria
3337515,HR,Karlovačka
3337518,HR,Koprivničko-Križevačka
3337519,HR,Krapinsko-Zagorska
3337520,HR,Ličko-Senjska
3337521,HR,Međimurska
3337522,HR,Osječko-Baranjska
3337523,HR,Požeško-Slavonska
3337524,HR,Primorsko-Goranska
3337525,HR,Šibensko-Kniniska
3337526,HR,Sisačko-Moslavačka
3337527,HR,Split-Dalmatia
3337528,HR,Varaždinska
3337529,HR,Vukovar-Sirmium
3337530,HR,Zadarska
3337531,HR,Zagrebačka
3337532,HR,City of Zagreb
3337533,HR,Virovitičk-Podravska
3716950,HT,Sud-Est
3716952,HT,Sud
3719432,HT,Ouest
3719536,HT,Nord-Ouest
3719540,HT,Nord-Est
3719543,HT,Nord
3724613,HT,GrandʼAnse
3728069,HT,Centre
3731053,HT,Artibonite
7115999,HT,Nippes
715593,HU,Szabolcs-Szatmár-Bereg
719637,HU,Jász-Nagykun-Szolnok
720002,HU,Heves
720293,HU,Hajdú-Bihar
721589,HU,Csongrád
722064,HU,Borsod-Abaúj-Zemplén
722433,HU,Bekes County
3042613,HU,Zala
3042925,HU,Veszprém
3043047,HU,Vas
3043845,HU,Tolna
3045226,HU,Somogy
3046431,HU,Pest
3047348,HU,Nógrád
3049518,HU,Komárom-Esztergom
3051977,HU,Győr-Moson-Sopron
3053028,HU,Fejér
3054638,HU,Budapest
3055399,HU,Baranya
3055744,HU,Bács-Kiskun
1213642,ID,North Sumatra
1215638,ID,Aceh
1621176,ID,Yogyakarta
1626196,ID,South Sumatra
1626197,ID,West Sumatra
1626229,ID,North Sulawesi
1626230,ID,Southeast Sulawesi
1626231,ID,Central Sulawesi
1626232,ID,South Sulawesi
1629652,ID,Riau
1633791,ID,East Nusa Tenggara
1633792,ID,West Nusa Tenggara
1636627,ID,Maluku
1638535,ID,Lampung
1641897,ID,East Kalimantan
1641898,ID,Central Kalimantan
1641899,ID,South Kalimantan
1641900,ID,West Kalimantan
1642668,ID,East Java
1642669,ID,Central Java
1642672,ID,West Java
1642856,ID,Jambi
1642907,ID,Jakarta
1643012,ID,Papua
1649147,ID,Bengkulu
1650535,ID,Bali
1923045,ID,Banten
1923046,ID,Gorontalo
1923047,ID,Bangka–Belitung Islands
1958070,ID,North Maluku
1996549,ID,West Papua
1996550,ID,West Sulawesi
1996551,ID,Riau Islands
8604684,ID,North Kalimantan
7521313,IE,Connaught
7521314,IE,Leinster
7521315,IE,Munster
7521316,IE,Ulster
293198,IL,Jerusalem
293396,IL,Tel Aviv
294800,IL,Haifa
294824,IL,Northern District
294904,IL,Central District
294952,IL,Southern District
11821181,IL,Judea and Samaria Area
9782164,IM,Andreas
9782165,IM,Arbory
9782166,IM,Ballaugh
9782167,IM,Braddan
9782168,IM,Bride
9782169,IM,Castletown
9782170,IM,Douglas
9782171,IM,German
9782172,IM,Jurby
9782173,IM,Laxey
9782176,IM,Lezayre
9782180,IM,Lonan
9782182,IM,Malew
9782183,IM,Marown
9782184,IM,Maughold
9782185,IM,Michael
9782186,IM,Onchan
9782187,IM,Patrick
9782188,IM,Peel
9782189,IM,Port Erin
9782190,IM,Port St Mary
9782191,IM,Ramsey
9782192,IM,Rushen
9782193,IM,Santon
1252881,IN,West Bengal
1253626,IN,Uttar Pradesh
1254169,IN,Tripura
1254788,IN,Telangana
1255053,IN,Tamil Nadu
1256312,IN,Sikkim
1258899,IN,Rajasthan
1259223,IN,Punjab
1259424,IN,Puducherry
1261029,IN,Odisha
1262271,IN,Nagaland
1262963,IN,Mizoram
1263207,IN,Meghalaya
1263706,IN,Manipur
1264418,IN,Maharashtra
1264542,IN,Madhya Pradesh
1265206,IN,Laccadives
1267254,IN,Kerala
1267701,IN,Karnataka
1269320,IN,Jammu and Kashmir
1270101,IN,Himachal Pradesh
1270260,IN,Haryana
1270770,IN,Gujarat
1271157,IN,Goa
1273293,IN,Delhi
1274744,IN,Chandigarh
1275715,IN,Bihar
1278253,IN,Assam
1278341,IN,Arunachal Pradesh
1278629,IN,Andhra Pradesh
1278647,IN,Andaman and Nicobar
1444364,IN,Chhattisgarh
1444365,IN,Jharkhand
1444366,IN,Uttarakhand
12096464,IN,Ladakh
12165662,IN,Dadra and Nagar Haveli and Daman and Diu
89341,IQ,Basra
89693,IQ,Wāsiţ
91695,IQ,Salah ad Din
92877,IQ,Nineveh
93540,IQ,Maysan
94823,IQ,Karbalāʼ
95445,IQ,Arbīl
96965,IQ,Diyālá
97019,IQ,Dhi Qar
97270,IQ,Dahūk
98180,IQ,Baghdad
98227,IQ,Bābil
98410,IQ,Kirkuk
98465,IQ,Sulaymaniyah
98862,IQ,An Najaf
99022,IQ,Al Qādisīyah
99032,IQ,Al Muthanná
99592,IQ,Al Anbar
110791,IR,Tehrān
111452,IR,Zanjan
111821,IR,Yazd
116401,IR,Semnan
124544,IR,Māzandarān
124763,IR,Markazi
125605,IR,Lorestān
126584,IR,Kordestān
126878,IR,Kohgiluyeh and Boyer-Ahmad
127082,IR,Khuzestan
128222,IR,Kermānshāh
128231,IR,Kerman
130801,IR,Ilam Province
131222,IR,Hormozgan
132142,IR,Hamadān
133349,IR,Gīlān
134766,IR,Fars
139677,IR,Chaharmahal and Bakhtiari
139816,IR,Bushehr
142549,IR,East Azerbaijan
142550,IR,West Azerbaijan
413931,IR,Ardabīl
418862,IR,Isfahan
443792,IR,Golestan
443793,IR,Qazvīn
443794,IR,Qom
1159456,IR,Sistan and Baluchestan
6201374,IR,Khorāsān-e Jonūbī
6201375,IR,Razavi Khorasan
6201376,IR,North Khorasan
7648907,IR,Alborz
3337403,IS,Northwest
3337404,IS,Northeast
3337405,IS,East
3337406,IS,South
3426182,IS,Capital Region
3426183,IS,Southern Peninsula
3426184,IS,West
3426185,IS,Westfjords
2523119,IT,Sicily
2523228,IT,Sardinia
2525468,IT,Calabria
3164604,IT,Veneto
3164857,IT,Aosta Valley
3165048,IT,Umbria
3165244,IT,Trentino-Alto Adige
3165361,IT,Tuscany
3169778,IT,Apulia
3170831,IT,Piedmont
3173222,IT,Molise
3174004,IT,The Marches
3174618,IT,Lombardy
3174725,IT,Liguria
3174976,IT,Latium
3176525,IT,Friuli Venezia Giulia
3177401,IT,Emilia-Romagna
3181042,IT,Campania
3182306,IT,Basilicate
3183560,IT,Abruzzo
3237072,JE,St Clement
3237073,JE,St Saviour
3237200,JE,St. Brelade
3237203,JE,Grouville
3237212,JE,St Mary
3237214,JE,St Lawrence
3237221,JE,St Peter
3237229,JE,St Ouen
3237497,JE,St John
3237530,JE,Trinity
3237716,JE,St Martîn
3237864,JE,St Helier
3488081,JM,Westmoreland
3488222,JM,Trelawny
3488688,JM,St. Thomas
3488693,JM,St. Mary
3488700,JM,St. James
3488708,JM,St. Elizabeth
3488711,JM,Saint Catherine
3488715,JM,St Ann
3488716,JM,St. Andrew
3488997,JM,Portland
3489586,JM,Manchester
3489853,JM,Kingston
3490145,JM,Hanover
3490952,JM,Clarendon
248380,JO,Ma’an
248944,JO,Irbid
250092,JO,Zarqa
250199,JO,Tafielah
250439,JO,Amman
250583,JO,Mafraq
250625,JO,Karak
250751,JO,Balqa
443120,JO,Ajlun
443121,JO,Jerash
443122,JO,Aqaba
443123,JO,Madaba
1848649,JP,Yamanashi
1848681,JP,Yamaguchi
1848938,JP,Wakayama
1849872,JP,Toyama
1849890,JP,Tottori
1850144,JP,Tokyo
1850157,JP,Tokushima
1850310,JP,Tochigi
1851715,JP,Shizuoka
1852442,JP,Shimane
1852553,JP,Shiga
1853226,JP,Saitama
1853299,JP,Saga
1853904,JP,Ōsaka
1854345,JP,Okinawa
1854381,JP,Okayama
1854484,JP,Oita
1855429,JP,Niigata
1855608,JP,Nara
1856156,JP,Nagasaki
1856210,JP,Nagano
1856710,JP,Miyazaki
1857352,JP,Mie
1857907,JP,Kyoto
1858419,JP,Kumamoto
1859133,JP,Kochi
1860291,JP,Kanagawa
1860825,JP,Kagoshima
1860834,JP,Kagawa
1861387,JP,Ishikawa
1862047,JP,Hyōgo
1862413,JP,Hiroshima
1863501,JP,Gunma
1863640,JP,Gifu
1863958,JP,Fukuoka
1863983,JP,Fukui
1864226,JP,Ehime
1865694,JP,Aichi
2110554,JP,Yamagata
2111888,JP,Miyagi
2112518,JP,Iwate
2112669,JP,Ibaraki
2112922,JP,Fukushima
2113014,JP,Chiba
2113124,JP,Akita
2130037,JP,Hokkaido
2130656,JP,Aomori
178145,KE,West Pokot
178440,KE,Wajir
178837,KE,Uasin Gishu
178914,KE,Turkana
179068,KE,Trans Nzoia
179380,KE,Tharaka - Nithi
179585,KE,Tana River
180320,KE,Siaya
180782,KE,Samburu
184742,KE,Nairobi Area
185578,KE,Murang'A
186298,KE,Mombasa
186824,KE,Meru
187583,KE,Marsabit
187895,KE,Mandera
189794,KE,Laikipia
190106,KE,Kwale
191037,KE,Kitui
191242,KE,Kisumu
191298,KE,Kisii
191420,KE,Kirinyaga
192064,KE,Kilifi
192709,KE,Kiambu
192898,KE,Kericho
195271,KE,Kakamega
196228,KE,Isiolo
197744,KE,Garissa
198474,KE,Embu
199987,KE,Busia
200066,KE,Bungoma
200573,KE,Baringo
7603036,KE,Nyandarua
7667638,KE,Vihiga
7667643,KE,Lamu
7667644,KE,Machakos
7667645,KE,Makueni
7667646,KE,Elegeyo-Marakwet
7667652,KE,Taita Taveta
7667657,KE,Kajiado
7667661,KE,Nyeri
7667665,KE,Homa Bay
7667666,KE,Bomet
7667678,KE,Migori
7668902,KE,Nakuru
7668904,KE,Narok
7806857,KE,Nyamira
8051212,KE,Nandi
1346798,KG,Osh
1463580,KG,Batken
1527297,KG,Talas
1527590,KG,Naryn
1528260,KG,Issyk-Kul
1528334,KG,Bishkek
1529778,KG,Jalal-Abad
1538652,KG,Chüy
10300944,KG,Osh City
1821301,KH,Pursat
1821310,KH,Battambang
1821939,KH,Takeo
1821992,KH,Svay Rieng
1822028,KH,Stung Treng
1822210,KH,Ŏtâr Méanchey
1822213,KH,Siem Reap
1822449,KH,Ratanakiri
1822609,KH,Prey Veng
1822676,KH,Preah Vihear
1830103,KH,Phnom Penh
1830206,KH,Pailin
1830306,KH,Mondolkiri
1830563,KH,Kratie
1830937,KH,Kep
1831037,KH,Koh Kong
1831095,KH,Kandal
1831111,KH,Kampot
1831124,KH,Kampong Thom
1831132,KH,Kampong Speu
1831166,KH,Kampong Chhnang
1831172,KH,Kampong Cham
1899262,KH,Preah Sihanouk
1899273,KH,Banteay Meanchey
7647525,KH,Tboung Khmum
2110215,KI,Gilbert Islands
4030940,KI,Line Islands
7521379,KI,Phoenix Islands
921780,KM,Mohéli
921882,KM,Grande Comore
922001,KM,Anjouan
3575114,KN,Trinity Palmetto Point
3575164,KN,Middle Island
3575165,KN,Saint Thomas Lowland
3575168,KN,Saint Peter Basseterre
3575171,KN,Saint Paul Charlestown
3575172,KN,Saint Paul Capesterre
3575173,KN,Saint Mary Cayon
3575175,KN,Saint John Figtree
3575176,KN,Saint John Capesterre
3575177,KN,Saint James Windwa
3575179,KN,Saint George Gingerland
3575180,KN,Saint George Basseterre
3575183,KN,Saint Anne Sandy Point
3575476,KN,Christ Church Nichola Town
1871856,KP,Pyongyang
1871952,KP,South Pyongan
1871954,KP,P'yŏngan-bukto
1876101,KP,Kangwŏn-do
1876884,KP,Hwanghae-namdo
1876888,KP,Hwanghae-bukto
1877450,KP,Hamgyŏng-namdo
2039332,KP,Yanggang-do
2044245,KP,Hamgyŏng-bukto
2045265,KP,Chagang-do
2054927,KP,Rason
1833742,KR,Ulsan
1835224,KR,Daejeon
1835327,KR,Daegu
1835847,KR,Seoul
1838519,KR,Busan
1841597,KR,Gyeongsangbuk-do
1841610,KR,Gyeonggi-do
1841808,KR,Gwangju
1843125,KR,Gangwon-do
1843561,KR,Incheon
1845105,KR,Chungcheongnam-do
1845106,KR,North Chungcheong
1845788,KR,Jeollanam-do
1845789,KR,Jeollabuk-do
1846265,KR,Jeju-do
1902028,KR,Gyeongsangnam-do
8394437,KR,Sejong-si
285628,KW,Hawalli
285788,KW,Al Asimah
285798,KW,Al Jahrāʼ
285816,KW,Al Farwaniyah
285841,KW,Al Aḩmadī
7733358,KW,Mubārak al Kabīr
10346796,KY,George Town
10375968,KY,West Bay
10375969,KY,Bodden Town
10375970,KY,North Side
10375971,KY,East End
10375972,KY,Sister Island
607847,KZ,Batys Qazaqstan
608879,KZ,Mangghystaū
609862,KZ,Atyraū
610688,KZ,Aqtöbe
1517381,KZ,East Kazakhstan
1518003,KZ,Aqmola
1519367,KZ,Soltüstik Qazaqstan
1520239,KZ,Pavlodar Region
1521406,KZ,Qyzylorda
1521671,KZ,Qostanay
1523401,KZ,Karaganda
1524444,KZ,Zhambyl
1524787,KZ,South Kazakhstan
1526395,KZ,Almaty
1537162,KZ,Almaty Oblysy
1537272,KZ,Shymkent
1538316,KZ,Baikonur
1538317,KZ,Nur-Sultan
1652077,LA,Xiangkhoang
1652210,LA,Xiagnabouli
1652238,LA,Vientiane
1653315,LA,Savannahkhét
1653333,LA,Salavan
1653893,LA,Phôngsali
1654491,LA,Oudômxai
1655558,LA,Louangphabang
1655561,LA,Loungnamtha
1656538,LA,Khammouan
1657114,LA,Houaphan
1657818,LA,Champasak
1665045,LA,Attapu
1904615,LA,Xékong
1904616,LA,Bokeo
1904617,LA,Bolikhamsai
1904618,LA,Vientiane Prefecture
11395958,LA,Xaisomboun
273607,LB,Mont-Liban
276780,LB,Beyrouth
278297,LB,Liban-Nord
279894,LB,South Governorate
280282,LB,Béqaa
444191,LB,Nabatîyé
6201370,LB,Aakkâr
6201371,LB,Baalbek-Hermel
3576413,LC,Vieux-Fort
3576441,LC,Soufrière
3576567,LC,Micoud
3576662,LC,Laborie
3576685,LC,Gros-Islet
3576764,LC,Dennery
3576794,LC,Choiseul
3576810,LC,Castries
3576891,LC,Anse-la-Raye
11351387,LC,Canaries
3042031,LI,Vaduz
3042034,LI,Triesenberg
3042036,LI,Triesen
3042038,LI,Schellenberg
3042042,LI,Schaan
3042047,LI,Ruggell
3042050,LI,Planken
3042056,LI,Mauren
3042063,LI,Gamprin
3042069,LI,Eschen
3042074,LI,Balzers
1223421,LK,Western
1225265,LK,Uva
1227618,LK,Southern
1228435,LK,Sabaragamuwa
1232860,LK,North Western
1232870,LK,North Central
1249296,LK,Central
7671049,LK,Northern Province
8133521,LK,Eastern Province
2273898,LR,Sinoe
2274688,LR,Nimba
2274890,LR,Montserrado
2275099,LR,Maryland
2275344,LR,Lofa
2276622,LR,Grand Gedeh
2276627,LR,Grand Cape Mount
2276630,LR,Grand Bassa
2278292,LR,Bong
2278324,LR,Bomi
2588490,LR,Grand Kru
2588491,LR,Margibi
2588492,LR,River Cess
2593119,LR,Gbarpolu
2593120,LR,River Gee
932011,LS,Thaba-Tseka
932184,LS,Quthing
932219,LS,Qachaʼs Nek
932418,LS,Mokhotlong
932439,LS,Mohaleʼs Hoek
932506,LS,Maseru
932615,LS,Mafeteng
932700,LS,Leribe
932888,LS,Butha-Buthe
932932,LS,Berea
864389,LT,Alytus
864477,LT,Kaunas
864478,LT,Klaipėda County
864479,LT,Marijampolė County
864480,LT,Panevėžys
864481,LT,Siauliai
864482,LT,Tauragė County
864483,LT,Telsiai
864484,LT,Utena
864485,LT,Vilnius
2959975,LU,Wiltz
2960020,LU,Vianden
2960152,LU,Remich
2960161,LU,Redange
2960275,LU,Mersch
2960315,LU,Luxembourg
2960514,LU,Grevenmacher
2960599,LU,Esch-sur-Alzette
2960629,LU,Echternach
2960656,LU,Diekirch
2960683,LU,Clervaux
2960696,LU,Capellen
454307,LV,Ventspils Rajons
454311,LV,Ventspils
454564,LV,Valmiera
454571,LV,Valka
454771,LV,Tukuma novads
454968,LV,Talsi Municipality
455888,LV,Saldus Rajons
456173,LV,Riga
456197,LV,Rēzeknes Novads
456203,LV,Rēzekne
456528,LV,Preiļu novads
457061,LV,Ogre
457712,LV,Madona Municipality
457773,LV,Ludzas novads
457889,LV,Limbažu novads
457955,LV,Liepāja
458459,LV,Kuldīgas novads
458621,LV,Krāslavas novads
459202,LV,Jūrmala
459278,LV,Jelgavas novads
459281,LV,Jelgava
459282,LV,Jēkabpils Municipality
459664,LV,Gulbenes novads
460311,LV,Dobeles novads
460410,LV,Daugavpils municipality
460414,LV,Daugavpils
460569,LV,Cēsu Rajons
461112,LV,Bauskas Rajons
461160,LV,Balvu Novads
461525,LV,Alūksnes Novads
461613,LV,Aizkraukles novads
7628298,LV,Dundaga
7628299,LV,Alsunga
7628300,LV,Pāvilostas
7628301,LV,Nīca
7628302,LV,Rucavas
7628303,LV,Grobiņa
7628304,LV,Durbe
7628305,LV,Aizpute
7628306,LV,Priekule
7628307,LV,Vaiņode
7628308,LV,Skrunda
7628309,LV,Brocēni
7628310,LV,Rojas
7628311,LV,Kandava
7628312,LV,Auces
7628313,LV,Jaunpils
7628314,LV,Engure
7628315,LV,Tērvete
7628316,LV,Ozolnieku
7628317,LV,Rundāles
7628318,LV,Babīte
7628319,LV,Mārupe
7628320,LV,Olaine
7628321,LV,Lecava
7628322,LV,Ķekava
7628323,LV,Salaspils
7628324,LV,Baldone
7628325,LV,Stopiņi
7628326,LV,Carnikava
7628327,LV,Ādaži
7628328,LV,Garkalne
7628329,LV,Vecumnieki
7628330,LV,Ķegums
7628331,LV,Lielvārde
7628332,LV,Skrīveri
7628333,LV,Jaunjelgava
7628334,LV,Nereta
7628335,LV,Viesīte
7628336,LV,Salas
7628337,LV,Jēkabpils
7628338,LV,Aknīste
7628339,LV,Ilūkste
7628340,LV,Vārkava
7628341,LV,Līvāni
7628342,LV,Varakļāni
7628343,LV,Vilanu
7628344,LV,Riebiņu
7628345,LV,Aglona
7628346,LV,Cibla
7628347,LV,Zilupes
7628348,LV,Viļaka
7628349,LV,Baltinava
7628350,LV,Dagda
7628351,LV,Karsava
7628352,LV,Rugāju
7628353,LV,Cesvaine
7628354,LV,Lubāna
7628355,LV,Krustpils
7628356,LV,Pļaviņu
7628357,LV,Koknese
7628358,LV,Ikšķile
7628359,LV,Ropažu
7628360,LV,Inčukalns
7628361,LV,Krimulda
7628362,LV,Sigulda
7628363,LV,Līgatne
7628364,LV,Mālpils
7628365,LV,Sēja
7628366,LV,Saulkrastu
7628367,LV,Salacgrīvas
7628368,LV,Aloja
7628369,LV,Naukšēni
7628370,LV,Rūjienas
7628371,LV,Mazsalaca
7628372,LV,Burtnieki
7628373,LV,Pārgaujas
7628374,LV,Kocēni
7628375,LV,Amatas
7628376,LV,Priekuļi
7628377,LV,Raunas
7628378,LV,Strenči
7628379,LV,Beverīna
7628380,LV,Smiltene
7628381,LV,Jaunpiebalga
7628382,LV,Ērgļi
7628383,LV,Vecpiebalga
7628384,LV,Apes
8299767,LV,Mesraga
87204,LY,Darnah
88318,LY,Banghāzī
88904,LY,Al Marj
88932,LY,Al Kufrah
443289,LY,Al Jabal al Akhḑar
2210245,LY,Tripoli
2210553,LY,Surt
2212774,LY,Sabhā
2214432,LY,Nālūt
2214602,LY,Murzuq
2214845,LY,Mişrātah
2217350,LY,Ghāt
2218972,LY,Az Zāwiyah
2219413,LY,Ash Shāţiʼ
2219944,LY,Al Jufrah
2593778,LY,An Nuqāţ al Khams
7602688,LY,Al Buţnān
7602689,LY,Jabal al Gharbi
7602690,LY,Al Jafārah
7602691,LY,Al Marqab
7602692,LY,Al Wāḩāt
7602693,LY,Wādī al Ḩayāt
11281874,MA,Tanger-Tetouan-Al Hoceima
11281875,MA,Oriental
11281876,MA,Fès-Meknès
11281877,MA,Rabat-Salé-Kénitra
11281878,MA,Béni Mellal-Khénifra
11281879,MA,Casablanca-Settat
11281880,MA,Marrakesh-Safi
11281881,MA,Drâa-Tafilalet
11281882,MA,Souss-Massa
11281884,MA,Guelmim-Oued Noun
11281885,MA,Laâyoune-Sakia El Hamra
11281886,MA,Dakhla-Oued Ed-Dahab
3319178,MC,""
617077,MD,Raionul Edineţ
617181,MD,Ungheni
617255,MD,Teleneşti
617264,MD,Taraclia
617283,MD,Ştefan-Vodă
617301,MD,Strășeni
617366,MD,Raionul Soroca
617483,MD,Rîşcani
617501,MD,Rezina
617639,MD,Orhei
617656,MD,Raionul Ocniţa
617715,MD,Anenii Noi
617754,MD,Nisporeni
617903,MD,Leova
617913,MD,Sîngerei
617962,MD,Criuleni
617991,MD,Ialoveni
618069,MD,Chișinău Municipality
618119,MD,Căuşeni
618142,MD,Cantemir
618162,MD,Călăraşi
618164,MD,Cahul
618260,MD,Glodeni
618331,MD,Floreşti
618345,MD,Fălești
618363,MD,Dubăsari
618369,MD,Drochia
618381,MD,Donduşeni
618430,MD,Cimişlia
618511,MD,Briceni
618565,MD,Basarabeasca
858803,MD,Hînceşti
858808,MD,Şoldăneşti
858889,MD,Transnistria
858895,MD,Găgăuzia
861487,MD,Bender Municipality
873909,MD,Bălţi
786233,ME,Opština Rožaje
3186995,ME,Opština Žabljak
3188514,ME,Ulcinj
3189071,ME,Tivat
3189077,ME,Podgorica
3191221,ME,Opština Šavnik
3193129,ME,Opština Plužine
3193160,ME,Pljevlja
3193227,ME,Opština Plav
3194493,ME,Opština Nikšić
3194925,ME,Mojkovac
3197537,ME,Kotor
3197895,ME,Opština Kolašin
3199070,ME,Berane
3199393,ME,Herceg Novi
3202193,ME,Danilovgrad
3202640,ME,Cetinje
3203104,ME,Budva
3204173,ME,Bijelo Polje
3204508,ME,Bar
3343959,ME,Andrijevica
11497642,ME,Gusinje
11497643,ME,Petnjica
12104729,ME,Tuzi
7670842,MG,Diana
7670846,MG,Sava
7670847,MG,Sofia
7670848,MG,Analanjirofo
7670849,MG,Boeny
7670850,MG,Betsiboka
7670851,MG,Alaotra Mangoro
7670852,MG,Melaky
7670853,MG,Bongolava
7670854,MG,Vakinankaratra
7670855,MG,Itasy
7670856,MG,Analamanga
7670857,MG,Atsinanana
7670902,MG,Menabe
7670904,MG,Amoron'i Mania
7670905,MG,Upper Matsiatra
7670906,MG,Vatovavy Fitovinany
7670907,MG,Ihorombe
7670908,MG,Atsimo-Atsinanana
7670910,MG,Anosy
7670911,MG,Androy
7670913,MG,Atsimo-Andrefana
7303491,MH,Ailinginae Atoll
7303492,MH,Ailinglaplap Atoll
7303493,MH,Ailuk Atoll
7303494,MH,Arno Atoll
7303495,MH,Aur Atoll
7303496,MH,Bikar Atoll
7303497,MH,Bikini Atoll
7303498,MH,Ebon Atoll
7303499,MH,Enewetak Atoll
7303500,MH,Erikub Atoll
7303501,MH,Jaluit Atoll
7303502,MH,Kwajalein Atoll
7303503,MH,Lae Atoll
7303504,MH,Likiep Atoll
7303505,MH,Majuro Atoll
7303506,MH,Maloelap Atoll
7303507,MH,Mili Atoll
7303508,MH,Namdrik Atoll
7303509,MH,Namu Atoll
7303510,MH,Rongelap Atoll
7303511,MH,Rongrik Atoll
7303512,MH,Taka Atoll
7303513,MH,Bokak Atoll
7303514,MH,Ujae Atoll
7303515,MH,Ujelang
7303516,MH,Utrik Atoll
7303517,MH,Wotho Atoll
7303518,MH,Wotje Atoll
7303519,MH,Jabat Island
7303520,MH,Jemo Island
7303521,MH,Kili Island
7303522,MH,Lib Island
7303523,MH,Mejit Island
784732,MK,Valandovo
786339,MK,Resen
789090,MK,Kratovo
862938,MK,Pehchevo
862945,MK,Novo Selo
862946,MK,Bosilovo
862947,MK,Vasilevo
862949,MK,Dojran
862950,MK,Bogdanci
862953,MK,Konche
862956,MK,Makedonska Kamenica
862958,MK,Zrnovci
862960,MK,Karbinci
862961,MK,Demir Kapija
862973,MK,Rosoman
862974,MK,Gradsko
862975,MK,Lozovo
862977,MK,Češinovo-Obleševo
863468,MK,Novaci
863485,MK,Berovo
863486,MK,Bitola
863488,MK,Mogila
863831,MK,Arachinovo
863834,MK,Bogovinje
863835,MK,Brvenica
863838,MK,Chashka
863841,MK,Centar Zhupa
863842,MK,Chucher Sandevo
863843,MK,Debar
863844,MK,Delchevo
863846,MK,Demir Hisar
863849,MK,Dolneni
863854,MK,Gevgelija
863855,MK,Gostivar
863856,MK,Ilinden
863858,MK,Jegunovce
863861,MK,Kavadarci
863862,MK,Kichevo
863865,MK,Kochani
863869,MK,Kriva Palanka
863870,MK,Krivogashtani
863871,MK,Krushevo
863873,MK,Kumanovo
863875,MK,Lipkovo
863877,MK,Makedonski Brod
863881,MK,Negotino
863883,MK,Ohrid
863886,MK,Petrovec
863887,MK,Plasnica
863888,MK,Prilep
863889,MK,Probishtip
863890,MK,Radovish
863891,MK,Rankovce
863892,MK,Mavrovo and Rostuša
863896,MK,Sopište
863899,MK,Staro Nagorichane
863900,MK,Shtip
863901,MK,Struga
863902,MK,Strumica
863903,MK,Studenichani
863905,MK,Sveti Nikole
863906,MK,Tearce
863907,MK,Tetovo
863909,MK,Veles
863911,MK,Vevchani
863912,MK,Vinica
863914,MK,Vrapchishte
863918,MK,Zelenikovo
863919,MK,Zhelino
7056271,MK,Debarca
11398357,MK,Grad Skopje
2449066,ML,Tombouctou
2451184,ML,Sikasso
2451477,ML,Ségou
2453347,ML,Mopti
2454532,ML,Koulikoro
2455517,ML,Kayes
2457161,ML,Gao
2460594,ML,Bamako
2597449,ML,Kidal
12070575,ML,Taoudénit
12070577,ML,Ménaka
1293118,MM,Tanintharyi
1297099,MM,Shan
1298480,MM,Sagain
1298822,MM,Rangoon
1298852,MM,Rakhine
1300463,MM,Bago
1308528,MM,Mon
1311871,MM,Mandalay
1312604,MM,Magway
1319539,MM,Kayah
1320233,MM,Kayin
1321702,MM,Kachin
1321850,MM,Ayeyarwady
1327132,MM,Chin
8239588,MM,Nay Pyi Taw
1514967,MN,Uvs
1515696,MN,Hovd
1515917,MN,Govĭ-Altay
1516012,MN,Dzabkhan
1516278,MN,Bayan-Ölgiy
1516290,MN,Bayanhongor
2028461,MN,Ulaanbaatar
2028849,MN,Central Aimak
2029155,MN,Sühbaatar
2029432,MN,Selenge
2029546,MN,Övörhangay
2029669,MN,Ömnögovĭ
2030469,MN,Hövsgöl
2030783,MN,Hentiy
2031740,MN,Middle Govĭ
2031798,MN,East Gobi Aymag
2031799,MN,East Aimak
2032199,MN,Bulgan
2032855,MN,Arhangay
2055111,MN,Darhan Uul
2055112,MN,Govĭ-Sumber
2055113,MN,Orhon
11875154,MO,Nossa Senhora de Fátima
11875155,MO,Santo António
11875156,MO,São Lázaro
11875157,MO,Sé
11875158,MO,São Lourenço
11875159,MO,Nossa Senhora do Carmo
11875160,MO,Cotai
11875161,MO,São Francisco Xavier
4041530,MP,Rota
4041552,MP,Saipan
4041650,MP,Tinian
7733156,MP,Northern Islands
6690603,MQ,Martinique
2375742,MR,Trarza
2375989,MR,Tiris Zemmour
2376551,MR,Tagant
2378903,MR,Inchiri
2379024,MR,Hodh El Gharbi
2379025,MR,Hodh Ech Chargi
2379216,MR,Guidimaka
2379384,MR,Gorgol
2380426,MR,Dakhlet Nouadhibou
2380635,MR,Brakna
2381344,MR,Assaba
2381972,MR,Adrar
11496391,MR,Nouakchott Ouest
11496392,MR,Nouakchott Nord
11496393,MR,Nouakchott Sud
3578039,MS,Saint Peter
3578044,MS,Saint Georges
3578045,MS,Saint Anthony
8299700,MT,Attard
8299701,MT,Balzan
8299702,MT,Il-Birgu
8299703,MT,Birkirkara
8299704,MT,Birżebbuġa
8299705,MT,Bormla
8299706,MT,Dingli
8299707,MT,Il-Fgura
8299708,MT,Il-Furjana
8299709,MT,Il-Fontana
8299710,MT,Għajnsielem
8299711,MT,L-Għarb
8299712,MT,Ħal Għargħur
8299713,MT,L-Għasri
8299714,MT,Ħal Għaxaq
8299715,MT,Il-Gudja
8299716,MT,Il-Gżira
8299717,MT,Il-Ħamrun
8299718,MT,L-Iklin
8299719,MT,L-Imdina
8299720,MT,L-Imġarr
8299721,MT,L-Imqabba
8299722,MT,L-Imsida
8299723,MT,Mtarfa
8299724,MT,Senglea
8299725,MT,Il-Kalkara
8299726,MT,Ta’ Kerċem
8299727,MT,Kirkop
8299728,MT,Lija
8299729,MT,Luqa
8299730,MT,Il-Marsa
8299731,MT,Marsaskala
8299732,MT,Marsaxlokk
8299733,MT,Il-Mellieħa
8299734,MT,Il-Mosta
8299735,MT,Il-Munxar
8299736,MT,In-Nadur
8299737,MT,In-Naxxar
8299738,MT,Paola
8299739,MT,Pembroke
8299740,MT,Tal-Pietà
8299741,MT,Il-Qala
8299742,MT,Qormi
8299743,MT,Il-Qrendi
8299744,MT,Ir-Rabat
8299745,MT,Victoria
8299746,MT,Safi
8299747,MT,Saint John
8299748,MT,Saint Julian
8299749,MT,Saint Lawrence
8299750,MT,Saint Lucia
8299751,MT,Saint Paul’s Bay
8299752,MT,Saint Venera
8299753,MT,Sannat
8299754,MT,Is-Siġġiewi
8299755,MT,Tas-Sliema
8299756,MT,Is-Swieqi
8299757,MT,Tarxien
8299758,MT,Ta’ Xbiex
8299759,MT,Ix-Xagħra
8299760,MT,Ix-Xewkija
8299761,MT,Ix-Xgħajra
8299762,MT,Ħaż-Żabbar
8299763,MT,Ħaż-Żebbuġ
8299764,MT,Iż-Żebbuġ
8299765,MT,Iż-Żejtun
8299766,MT,Iż-Żurrieq
8334638,MT,Valletta
448254,MU,Agalega Islands
934017,MU,Savanne
934090,MU,Rivière du Rempart
934153,MU,Port Louis
934166,MU,Plaines Wilhems
934212,MU,Pamplemousses
934275,MU,Moka
934466,MU,Grand Port
934522,MU,Flacq
934718,MU,Black River
1106583,MU,Cargados Carajos
1547449,MU,Rodrigues
1281843,MV,Vaavu Atholhu
1281881,MV,Thaa Atholhu
1281892,MV,Shaviyani Atholhu
1281893,MV,Seenu
1281918,MV,Raa Atoll
1281937,MV,Noonu Atoll
1281945,MV,Gnyaviyani Atoll
1281985,MV,Meemu Atholhu
1282096,MV,Lhaviyani Atholhu
1282101,MV,Laamu
1282208,MV,Kaafu Atoll
1282293,MV,Haa Dhaalu Atholhu
1282294,MV,Haa Alifu Atholhu
1282328,MV,Gaafu Dhaalu Atoll
1282329,MV,Gaafu Alif Atoll
1282393,MV,Faafu Atholhu
1282447,MV,Dhaalu Atholhu
1282478,MV,Baa Atholhu
1282497,MV,Northern Ari Atoll
1337624,MV,Male
10346475,MV,Southern Ari Atoll
923817,MW,Southern Region
924591,MW,Northern Region
931597,MW,Central Region
3514211,MX,Yucatán
3514780,MX,Veracruz
3515359,MX,Tlaxcala
3516391,MX,Tamaulipas
3516458,MX,Tabasco
3520887,MX,Quintana Roo
3520914,MX,Querétaro
3521082,MX,Puebla
3522509,MX,Oaxaca
3522542,MX,Nuevo León
3522961,MX,Morelos
3523272,MX,México
3527115,MX,Hidalgo
3527213,MX,Guerrero
3527646,MX,Mexico City
3531011,MX,Chiapas
3531730,MX,Campeche
3979840,MX,Zacatecas
3982846,MX,Sonora
3983035,MX,Sinaloa
3985605,MX,San Luis Potosí
3995012,MX,Nayarit
3995955,MX,Michoacán
4004156,MX,Jalisco
4005267,MX,Guanajuato
4011741,MX,Durango
4013513,MX,Colima
4013674,MX,Coahuila
4014336,MX,Chihuahua
4017698,MX,Baja California Sur
4017700,MX,Baja California
4019231,MX,Aguascalientes
1733035,MY,Melaka
1733036,MY,Terengganu
1733037,MY,Selangor
1733038,MY,Sarawak
1733039,MY,Sabah
1733040,MY,Perlis
1733041,MY,Perak
1733042,MY,Pahang
1733043,MY,Negeri Sembilan
1733044,MY,Kelantan
1733046,MY,Kuala Lumpur
1733047,MY,Penang
1733048,MY,Kedah
1733049,MY,Johor
1734240,MY,Labuan
1996552,MY,Putrajaya
1024312,MZ,Zambézia
1026010,MZ,Tete
1026804,MZ,Sofala
1030006,MZ,Niassa
1033354,MZ,Nampula
1040649,MZ,Maputo
1040947,MZ,Manica
1045110,MZ,Inhambane
1046058,MZ,Gaza
1051823,MZ,Cabo Delgado
1105845,MZ,Maputo City
1090052,NA,Zambezi
3352137,NA,Khomas
3371199,NA,Erongo
3371200,NA,Hardap
3371201,NA,Karas
3371202,NA,Kunene
3371203,NA,Ohangwena
3371205,NA,Omaheke
3371206,NA,Omusati
3371207,NA,Oshana
3371208,NA,Oshikoto
3371209,NA,Otjozondjupa
8693188,NA,Kavango East
8693189,NA,Kavango West
2140464,NC,South Province
2140685,NC,North Province
7521415,NC,Loyalty Islands
2437797,NE,Zinder
2439374,NE,Tahoua
2441289,NE,Maradi
2445486,NE,Dosso
2445702,NE,Diffa
2448083,NE,Agadez
2595293,NE,Tillabéri
2595294,NE,Niamey
2322907,NG,Sokoto
2324433,NG,Rivers
2324828,NG,Plateau
2325190,NG,Oyo
2326168,NG,Ondo
2327546,NG,Ogun
2328925,NG,Niger
2332453,NG,Lagos
2332785,NG,Kwara
2334797,NG,Katsina
2335196,NG,Kano
2335722,NG,Kaduna
2337542,NG,Imo
2345891,NG,Cross River
2346794,NG,Borno
2347266,NG,Benue
2347468,NG,Bauchi
2349961,NG,Anambra
2350813,NG,Akwa Ibom
2352776,NG,FCT
2565340,NG,Abia
2565341,NG,Delta
2565342,NG,Adamawa
2565343,NG,Edo
2565344,NG,Enugu
2565345,NG,Jigawa
2595344,NG,Bayelsa
2595345,NG,Ebonyi
2595346,NG,Ekiti
2595347,NG,Gombe
2595348,NG,Nassarawa
2595349,NG,Zamfara
2597363,NG,Kebbi
2597364,NG,Kogi
2597365,NG,Osun
2597366,NG,Taraba
2597367,NG,Yobe
3617051,NI,Rivas
3617056,NI,Río San Juan
3617458,NI,Nueva Segovia
3617707,NI,Matagalpa
3617722,NI,Masaya
3617762,NI,Managua
3617796,NI,Madriz
3618029,NI,León
3618928,NI,Jinotega
3619135,NI,Granada
3619193,NI,Estelí
3620368,NI,Chontales
3620380,NI,Chinandega
3620481,NI,Carazo
3620673,NI,Boaco
3830307,NI,North Caribbean Coast
3830308,NI,South Caribbean Coast
2743698,NL,South Holland
2744011,NL,Zeeland
2745909,NL,Utrecht
2748838,NL,Overijssel
2749879,NL,North Holland
2749990,NL,North Brabant
2751596,NL,Limburg
2755249,NL,Groningen
2755634,NL,Gelderland
2755812,NL,Friesland
2756631,NL,Drenthe
3319179,NL,Flevoland
3141558,NO,Rogaland
3143242,NO,Oslo
3144301,NO,Nordland
3145495,NO,Møre og Romsdal
11862827,NO,Trøndelag
12110595,NO,Viken
12110596,NO,Agder
12110597,NO,Troms og Finnmark
12110598,NO,Innlandet
12110599,NO,Vestfold og Telemark
12110600,NO,Vestland
12095447,NP,Province 1
12095448,NP,Province 2
12095449,NP,Province 3
12095450,NP,Province 4
12095451,NP,Province 5
12095452,NP,Karnali Pradesh
12095453,NP,Sudurpashchim Pradesh
2110418,NR,Yaren
2110420,NR,Uaboe
2110423,NR,Nibok
2110431,NR,Meneng
2110432,NR,Ijuw
2110435,NR,Ewa
2110437,NR,Denigomodu
2110440,NR,Buada
2110441,NR,Boe
2110442,NR,Baiti
2110445,NR,Anibare
2110448,NR,Anetan
2110449,NR,Anabar
2110451,NR,Aiwo
2179538,NZ,Wellington
2179671,NZ,Manawatu-Wanganui
2180293,NZ,Waikato
2181818,NZ,Tasman
2181872,NZ,Taranaki
2182501,NZ,Southland
2182560,NZ,Bay of Plenty
2185978,NZ,Northland
2187304,NZ,Marlborough
2190146,NZ,Hawke's Bay
2190767,NZ,Gisborne
2192628,NZ,Canterbury
2193734,NZ,Auckland
4033013,NZ,Chatham Islands
6612108,NZ,Nelson
6612109,NZ,Otago
6612113,NZ,West Coast
411735,OM,Ad Dakhiliyah
411736,OM,Al Batinah South
411737,OM,Al Wusţá
411738,OM,Southeastern Governorate
411739,OM,Az̧ Z̧āhirah
411740,OM,Muscat
411741,OM,Musandam
411742,OM,Dhofar
7110710,OM,Al Buraimi
8394433,OM,Northeastern Governorate
8394434,OM,Al Batinah North
3700159,PA,Veraguas
3701537,PA,Guna Yala
3703433,PA,Panamá
3704961,PA,Los Santos
3708710,PA,Herrera
3711671,PA,Darién
3712073,PA,Colón
3712162,PA,Coclé
3712410,PA,Chiriquí
3713954,PA,Bocas del Toro
7303686,PA,Emberá
7303688,PA,Ngöbe-Buglé
11353126,PA,Panamá Oeste
3691099,PE,Ucayali
3691146,PE,Tumbes
3692385,PE,San Martín
3693525,PE,Piura
3695238,PE,Loreto
3695753,PE,Lambayeque
3695781,PE,La Libertad
3696416,PE,Huanuco
3699087,PE,Cajamarca
3699674,PE,Ancash
3699699,PE,Amazonas
3928127,PE,Tacna
3931275,PE,Puno
3932834,PE,Pasco
3934607,PE,Moquegua
3935619,PE,Madre de Dios
3936451,PE,Lima
3936452,PE,Lima region
3937485,PE,Junin
3938526,PE,Ica
3939467,PE,Huancavelica
3941583,PE,Cusco
3946080,PE,Callao
3947018,PE,Ayacucho
3947319,PE,Arequipa
3947421,PE,Apurímac
4019991,PF,Îles Marquises
4030621,PF,Îles Tuamotu-Gambier
4034364,PF,Leeward Islands
4034365,PF,Îles du Vent
4034366,PF,Îles Australes
2083546,PG,West New Britain
2083549,PG,Western Province
2083551,PG,Western Highlands
2086331,PG,Southern Highlands
2087246,PG,Sandaun
2089470,PG,Bougainville
2089478,PG,Northern Province
2089693,PG,New Ireland
2089856,PG,National Capital
2090468,PG,Morobe
2091495,PG,Manus
2091993,PG,Madang
2096633,PG,Gulf
2097655,PG,Enga
2097846,PG,East Sepik
2097853,PG,East New Britain
2097855,PG,Eastern Highlands
2098593,PG,Chimbu
2132895,PG,Milne Bay
2133763,PG,Central Province
8521658,PG,Hela
8521660,PG,Jiwaka
7115989,PH,Autonomous Region in Muslim Mindanao
7521295,PH,Northern Mindanao
7521296,PH,Mimaropa
7521297,PH,Cagayan Valley
7521298,PH,Soccsksargen
7521299,PH,Caraga
7521300,PH,Cordillera
7521301,PH,Ilocos
7521303,PH,Calabarzon
7521304,PH,Western Visayas
7521305,PH,Central Luzon
7521306,PH,Central Visayas
7521307,PH,Eastern Visayas
7521308,PH,Zamboanga Peninsula
7521309,PH,Davao
7521310,PH,Bicol
7521311,PH,Metro Manila
1162015,PK,Islamabad
1164807,PK,Sindh
1167710,PK,Punjab
1168873,PK,Khyber Pakhtunkhwa
1168878,PK,Gilgit-Baltistan
1183606,PK,Balochistan
1184196,PK,Azad Kashmir
858785,PL,Lublin
858786,PL,Lesser Poland
858787,PL,Mazovia
858788,PL,Subcarpathia
858789,PL,Podlasie
858790,PL,Świętokrzyskie
858791,PL,Warmia-Masuria
3337492,PL,Lower Silesia
3337493,PL,Łódź Voivodeship
3337494,PL,Lubusz
3337495,PL,Opole Voivodeship
3337496,PL,Pomerania
3337497,PL,Silesia
3337498,PL,Greater Poland
3337499,PL,West Pomerania
3337500,PL,Kujawsko-Pomorskie
3424935,PM,Saint-Pierre
3424938,PM,Miquelon-Langlade
4562487,PR,Adjuntas
4562503,PR,Aguada
4562512,PR,Aguadilla
4562516,PR,Aguas Buenas
4562531,PR,Aibonito
4562605,PR,Añasco
4562640,PR,Arecibo
4562682,PR,Arroyo
4562771,PR,Barceloneta
4562779,PR,Barranquitas
4562837,PR,Bayamón
4562997,PR,Cabo Rojo
4563011,PR,Caguas
4563065,PR,Camuy
4563169,PR,Canóvanas
4563244,PR,Carolina
4563299,PR,Cataño
4563309,PR,Cayey
4563380,PR,Ceiba
4563774,PR,Ciales
4563778,PR,Cidra
4563812,PR,Coamo
4563921,PR,Comerío
4564004,PR,Corozal
4564071,PR,Culebra
4564134,PR,Dorado
4564949,PR,Fajardo
4564993,PR,Florida
4565091,PR,Guánica
4565107,PR,Guayama
4565112,PR,Guayanilla
4565120,PR,Guaynabo
4565126,PR,Gurabo
4565348,PR,Hatillo
4565381,PR,Hormigueros
4565449,PR,Humacao
4565581,PR,Isabela
4565684,PR,Jayuya
4565713,PR,Juana Díaz
4565720,PR,Juncos
4565900,PR,Lajas
4565910,PR,Lares
4565961,PR,Las Marías
4565981,PR,Las Piedras
4566025,PR,Loíza
4566106,PR,Luquillo
4566138,PR,Manatí
4566180,PR,Maricao
4566209,PR,Maunabo
4566217,PR,Mayagüez
4566272,PR,Moca
4566334,PR,Morovis
4566397,PR,Naguabo
4566403,PR,Naranjito
4566456,PR,Orocovis
4566654,PR,Patillas
4566689,PR,Peñuelas
4566886,PR,Ponce
4567727,PR,Rincón
4567734,PR,Quebradillas
4567823,PR,Río Grande
4568015,PR,Sabana Grande
4568043,PR,Salinas
4568105,PR,San Germán
4568138,PR,San Juan
4568150,PR,San Lorenzo
4568177,PR,San Sebastián
4568213,PR,Santa Isabel
4568404,PR,Toa Alta
4568408,PR,Toa Baja
4568452,PR,Trujillo Alto
4568491,PR,Utuado
4568529,PR,Vega Alta
4568534,PR,Vega Baja
4568684,PR,Villalba
4568909,PR,Yabucoa
4568918,PR,Yauco
4568924,PR,Vieques
281132,PS,Gaza Strip
285153,PS,West Bank
2262961,PT,District of Setúbal
2263478,PT,Santarém
2264507,PT,Portalegre
2267056,PT,Lisbon
2267094,PT,Leiria
2268337,PT,Faro
2268404,PT,Évora
2269513,PT,Castelo Branco
2270984,PT,Beja
2593105,PT,Madeira
2732264,PT,Viseu
2732437,PT,Vila Real
2732772,PT,Viana do Castelo
2735941,PT,Porto
2738782,PT,Guarda
2740636,PT,Coimbra
2742026,PT,Bragança
2742031,PT,Braga
2742610,PT,Aveiro
3411865,PT,Azores
1559532,PW,Ngatpang
1559630,PW,Sonsorol
1559774,PW,Kayangel
1559776,PW,Hatohobei
1559964,PW,Aimeliik
4037645,PW,Airai
4037653,PW,Angaur
4037892,PW,Koror
4037930,PW,Melekeok
4037962,PW,Ngaraard
4037976,PW,Ngchesar
4038037,PW,Ngarchelong
4038043,PW,Ngardmau
4038068,PW,Ngaremlengui
4038179,PW,Ngiwal
4038261,PW,Peleliu
3437027,PY,San Pedro
3437443,PY,Presidente Hayes
3437599,PY,Paraguarí
3437677,PY,Ñeembucú
3437727,PY,Misiones
3437923,PY,Itapúa
3438049,PY,Guairá
3438827,PY,Cordillera
3438833,PY,Concepción
3439137,PY,Central
3439216,PY,Canindeyú
3439296,PY,Caazapá
3439312,PY,Caaguazú
3439433,PY,Amambay
3439440,PY,Alto Paraná
3439441,PY,Alto Paraguay
3474570,PY,Asunción
3867442,PY,Boquerón
389462,QA,Madīnat ash Shamāl
389465,QA,Al Khor
389467,QA,Baladīyat Umm Şalāl
389469,QA,Baladīyat ar Rayyān
389470,QA,Baladīyat ad Dawḩah
389472,QA,Al Wakrah
8030540,QA,Baladīyat az̧ Z̧a‘āyin
11777514,QA,Al-Shahaniya
6690283,RE,Réunion
662447,RO,Vrancea
662892,RO,Vâlcea
663116,RO,Vaslui
664517,RO,Tulcea
665091,RO,Timiş
665283,RO,Teleorman
665849,RO,Suceava
667267,RO,Sibiu
667869,RO,Satu Mare
668248,RO,Sălaj
669737,RO,Prahova
671857,RO,Olt
672460,RO,Neamţ
672628,RO,Mureş
673612,RO,Mehedinţi
673887,RO,Maramureş
675809,RO,Iaşi
675848,RO,Ialomiţa
675917,RO,Hunedoara
676309,RO,Harghita
676898,RO,Gorj
677104,RO,Giurgiu
677692,RO,Galaţi
679134,RO,Dolj
679385,RO,Dâmboviţa
680428,RO,Covasna
680962,RO,Constanța
681291,RO,Cluj
682714,RO,Caraş-Severin
683016,RO,Călăraşi
683121,RO,Buzău
683504,RO,Bucureşti
683843,RO,Braşov
683901,RO,Brăila
684038,RO,Botoşani
684647,RO,Bistriţa-Năsăud
684878,RO,Bihor
685947,RO,Bacău
686192,RO,Arges
686253,RO,Arad
686581,RO,Alba
865518,RO,Ilfov
784272,RS,Vojvodina
785958,RS,Central Serbia
468898,RU,Jaroslavl
472039,RU,Voronezj
472454,RU,Vologda
472755,RU,Volgograd Oblast
479119,RU,Ulyanovsk
479613,RU,Udmurtiya Republic
480041,RU,Tver’ Oblast
480508,RU,Tula
484048,RU,Tatarstan Republic
484638,RU,Tambov
487839,RU,Stavropol’ Kray
491684,RU,Smolensk
498671,RU,Saratovskaya Oblast
499068,RU,Samara Oblast
500059,RU,Ryazan Oblast
501165,RU,Rostov
504338,RU,Pskov Oblast
511180,RU,Perm
511555,RU,Penza
514801,RU,Orel Oblast
515001,RU,Orenburg Oblast
519324,RU,Novgorod Oblast
519969,RU,North Ossetia
522652,RU,Nenets
524304,RU,Murmansk
524894,RU,Moscow
524925,RU,Moscow Oblast
525369,RU,Mordoviya Republic
529352,RU,Mariy-El Republic
535120,RU,Lipetsk Oblast
536199,RU,Leningradskaya Oblast'
536203,RU,St.-Petersburg
538555,RU,Kursk
542415,RU,Krasnodarskiy
543871,RU,Kostroma Oblast
545854,RU,Komi
548389,RU,Kirov
552548,RU,Karelia
552927,RU,Karachayevo-Cherkesiya Republic
553899,RU,Kaluga
553972,RU,Kalmykiya Republic
554230,RU,Kaliningrad
554667,RU,Kabardino-Balkariya Republic
555235,RU,Ivanovo
556349,RU,Ingushetiya Republic
559838,RU,Nizhny Novgorod Oblast
567293,RU,Dagestan
567395,RU,Chuvashia
569665,RU,Chechnya
571473,RU,Bryansk Oblast
578071,RU,Belgorod Oblast
578853,RU,Bashkortostan Republic
580491,RU,Astrakhan
581043,RU,Arkhangelskaya
584222,RU,Adygeya Republic
826294,RU,Vladimir
1486462,RU,Yamalo-Nenets
1488747,RU,Tyumen’ Oblast
1488873,RU,Republic of Tyva
1489421,RU,Tomsk Oblast
1490542,RU,Sverdlovsk
1496152,RU,Omsk
1496745,RU,Novosibirsk Oblast
1501312,RU,Kurgan Oblast
1502020,RU,Krasnoyarskiy
1503773,RU,Khanty-Mansia
1503834,RU,Khakasiya Republic
1503900,RU,Kemerovo Oblast
1506272,RU,Altai
1508290,RU,Chelyabinsk
1511732,RU,Altai Krai
2013162,RU,Sakha
2017623,RU,Primorskiy (Maritime) Kray
2022888,RU,Khabarovsk
2023468,RU,Irkutsk Oblast
2026639,RU,Jewish Autonomous Oblast
2027748,RU,Amur Oblast
2050915,RU,Buryatiya Republic
2121529,RU,Sakhalin Oblast
2123627,RU,Magadan Oblast
2125072,RU,Kamchatka
2126099,RU,Chukotka
7779061,RU,Transbaikal Territory
6413337,RW,Eastern Province
6413338,RW,Kigali
6413339,RW,Northern Province
6413340,RW,Western Province
6413341,RW,Southern Province
101627,SA,Tabuk Region
103628,SA,Najran Region
104514,SA,Mecca Region
105298,SA,Jazan Region
106280,SA,Ha'il Region
108179,SA,'Asir Region
108241,SA,Eastern Province
108411,SA,Riyadh Region
108933,SA,Al-Qassim Region
109224,SA,Medina Region
109470,SA,Al Jawf Region
109579,SA,Northern Borders Region
109954,SA,Al Bahah Region
2101556,SB,Western Province
2106552,SB,Malaita
2108262,SB,Isabel
2108831,SB,Guadalcanal
2109495,SB,Central Province
2178472,SB,Temotu
2178730,SB,Makira
7280292,SB,Choiseul
7280293,SB,Rennell and Bellona
9259067,SB,Honiara
241151,SC,Takamaka
241181,SC,Saint Louis
241215,SC,Port Glaud
241221,SC,Pointe Larue
241224,SC,Plaisance
241251,SC,Mont Fleuri
241252,SC,Mont Buxton
241302,SC,English River
241311,SC,Inner Islands
241330,SC,Grand Anse Mahe
241331,SC,Grand Anse Praslin
241336,SC,Glacis
241396,SC,Cascade
241424,SC,Bel Ombre
241426,SC,Bel Air
241428,SC,Beau Vallon
241438,SC,Baie Sainte Anne
241439,SC,Baie Lazare
241444,SC,Anse Royale
241447,SC,Anse Etoile
241449,SC,Anse Boileau
241450,SC,Anse-aux-Pins
448408,SC,Les Mamelles
448409,SC,Roche Caiman
448410,SC,Au Cap
11876017,SC,Outer Islands
378389,SD,Northern State
379253,SD,Khartoum
408646,SD,Red Sea
408648,SD,Al Jazīrah
408649,SD,Al Qaḑārif
408653,SD,White Nile
408654,SD,Blue Nile
408658,SD,Western Darfur
408659,SD,West Kordofan State
408660,SD,Southern Darfur
408661,SD,Southern Kordofan
408663,SD,Kassala
408664,SD,River Nile
408666,SD,Northern Darfur
408667,SD,North Kordofan
408669,SD,Sinnār
8394435,SD,Eastern Darfur
8394436,SD,Central Darfur
604010,SE,Norrbotten
2664179,SE,Västmanland
2664292,SE,Västernorrland
2664415,SE,Västerbotten
2664870,SE,Värmland
2666218,SE,Uppsala
2673722,SE,Stockholm
2676207,SE,Södermanland
2685867,SE,Östergötland
2686655,SE,Örebro
2699050,SE,Kronoberg
2699767,SE,Dalarna
2702259,SE,Kalmar
2702976,SE,Jönköping
2703330,SE,Jämtland
2708794,SE,Halland
2711508,SE,Gotland
2712411,SE,Gävleborg
2721357,SE,Blekinge
3337385,SE,Skåne
3337386,SE,Västra Götaland
2411430,SH,Ascension
3370684,SH,Tristan da Cunha
6930057,SH,Saint Helena
3186843,SI,Žalec
3186905,SI,Zagorje ob Savi
3187213,SI,Vrhnika
3188687,SI,Tržič
3188885,SI,Trebnje
3188914,SI,Trbovlje
3189037,SI,Tolmin
3189074,SI,Velenje
3190509,SI,Šmarje pri Jelšah
3190529,SI,Slovenska Konjice
3190533,SI,Slovenska Bistrica
3190535,SI,Slovenj Gradec
3190716,SI,Škofja Loka
3190944,SI,Sežana
3190949,SI,Sevnica
3191028,SI,Sentjur
3191679,SI,Ribnica
3192062,SI,Radovljica
3192120,SI,Radlje ob Dravi
3192240,SI,Ptuj
3192672,SI,Postojna
3193340,SI,Piran-Pirano
3193964,SI,Ormož
3194350,SI,Novo Mesto
3194451,SI,Nova Gorica
3194647,SI,Murska Sobota
3194791,SI,Mozirje
3195213,SI,Metlika
3195505,SI,Maribor
3196288,SI,Logatec
3196306,SI,Ljutomer
3196424,SI,Litija
3196684,SI,Lenart
3196759,SI,Laško
3197146,SI,Krško
3197377,SI,Kranj
3197752,SI,Koper-Capodistria
3197942,SI,Kočevje
3198364,SI,Kamnik
3198646,SI,Jesenice
3199016,SI,Izola-Isola
3199130,SI,Ilirska Bistrica
3199169,SI,Idrija
3199296,SI,Hrastnik
3199522,SI,Grosuplje
3200196,SI,Gornja Radgona
3201252,SI,Dravograd
3201729,SI,Domžale
3202332,SI,Črnomelj
3202707,SI,Cerknica
3202780,SI,Celje
3203411,SI,Brežice
3204853,SI,Ajdovščina
3239050,SI,Hrpelje-Kozina
3239051,SI,Divača
3239054,SI,Pivka
3239056,SI,Loška Dolina
3239059,SI,Loški Potok
3239061,SI,Osilnica
3239062,SI,Velike Lašče
3239066,SI,Škofljica
3239069,SI,Ig
3239071,SI,Brezovica
3239073,SI,Borovnica
3239075,SI,Vipava
3239078,SI,Komen
3239080,SI,Miren-Kostanjevica
3239083,SI,Brda
3239086,SI,Kanal
3239087,SI,Žiri
3239091,SI,Cerkno
3239093,SI,Železniki
3239095,SI,Gorenja Vas-Poljane
3239096,SI,Dobrova-Horjul-Polhov Gradec
3239098,SI,Kobarid
3239100,SI,Bovec
3239101,SI,Bohinj
3239103,SI,Bled
3239104,SI,Naklo
3239105,SI,Kranjska Gora
3239107,SI,Preddvor
3239110,SI,Cerklje na Gorenjskem
3239111,SI,Šenčur
3239112,SI,Vodice
3239113,SI,Medvode
3239114,SI,Mengeš
3239115,SI,Dol pri Ljubljani
3239132,SI,Moravče
3239133,SI,Gornji Grad
3239134,SI,Luče
3239175,SI,Ravne na Koroškem
3239177,SI,Mežica
3239179,SI,Muta
3239180,SI,Vuzenica
3239181,SI,Črna na Koroškem
3239184,SI,Ljubno
3239185,SI,Šoštanj
3239187,SI,Šmartno ob Paki
3239188,SI,Lukovica
3239189,SI,Radeče
3239191,SI,Ivančna Gorica
3239193,SI,Dobrepolje
3239195,SI,Semič
3239197,SI,Šentjernej
3239199,SI,Škocjan
3239200,SI,Štore
3239202,SI,Vojnik
3239204,SI,Vitanje
3239205,SI,Zreče
3239207,SI,Mislinja
3239211,SI,Ruše
3239213,SI,Kungota
3239214,SI,Šentilj
3239215,SI,Pesnica
3239216,SI,Duplek
3239224,SI,Rače-Fram
3239226,SI,Starše
3239227,SI,Kidričevo
3239229,SI,Majšperk
3239231,SI,Videm
3239234,SI,Rogaška Slatina
3239237,SI,Rogatec
3239241,SI,Podčetrtek
3239243,SI,Kozje
3239245,SI,Gorišnica
3239247,SI,Zavrč
3239248,SI,Dornava
3239251,SI,Juršinci
3239259,SI,Sveti Jurij
3239262,SI,Radenci
3239268,SI,Puconci
3239270,SI,Rogašovci
3239272,SI,Kuzma
3239275,SI,Gornji Petrovci
3239279,SI,Moravske Toplice
3239280,SI,Kobilje
3239282,SI,Beltinci
3239283,SI,Turnišče
3239285,SI,Odranci
3239286,SI,Črenšovci
3239294,SI,Nazarje
3239318,SI,Ljubljana
3344893,SI,Žirovnica
3344894,SI,Jezersko
3344895,SI,Solčava
3344896,SI,Komenda
3344897,SI,Horjul
3344898,SI,Šempeter-Vrtojba
3344899,SI,Bloke
3344900,SI,Sodražica
3344901,SI,Trzin
3344902,SI,Prevalje
3344903,SI,Vransko
3344904,SI,Tabor
3344905,SI,Braslovče
3344906,SI,Polzela
3344907,SI,Prebold
3344908,SI,Kostel
3344909,SI,Žužemberk
3344910,SI,Dolenjske Toplice
3344911,SI,Mirna Peč
3344912,SI,Bistrica ob Sotli
3344913,SI,Dobje
3344914,SI,Dobrna
3344915,SI,Oplotnica
3344916,SI,Podvelka
3344917,SI,Ribnica na Pohorju
3344918,SI,Lovrenc na Pohorju
3344919,SI,Selnica ob Dravi
3344920,SI,Hoče-Slivnica
3344921,SI,Miklavž na Dravskem Polju
3344922,SI,Hajdina
3344923,SI,Žetale
3344924,SI,Podlehnik
3344925,SI,Markovci
3344926,SI,Destrnik
3344927,SI,Trnovska Vas
3344928,SI,Sveti Andraž v Slovenskih Goricah
3344929,SI,Cerkvenjak
3344930,SI,Benedikt
3344931,SI,Sveta Ana
3344932,SI,Križevci
3344933,SI,Veržej
3344934,SI,Velika Polana
3344935,SI,Lendava-Lendva
3344936,SI,Dobrovnik-Dobronak
3344937,SI,Tišina
3344938,SI,Cankova
3344939,SI,Grad
3344940,SI,Hodoš-Hodos
3344941,SI,Razkrižje
3344942,SI,Šmartno pri Litiji
3344943,SI,Šalovci
8133579,SI,Apače
8133580,SI,Cirkulane
8133581,SI,Kostanjevica na Krki
8133582,SI,Log–Dragomer
8133583,SI,Makole
8133584,SI,Mokronog-Trebelno
8133585,SI,Poljčane
8133586,SI,Rečica ob Savinji
8133587,SI,Renče-Vogrsko
8133588,SI,Središče ob Dravi
8133589,SI,Straža
8133590,SI,Sv. Trojica v Slov. Goricah
8133591,SI,Sveti Tomaž
8133592,SI,Šentrupert
8133593,SI,Šmarješke Toplice
8469236,SI,Sveti Jurij v Slovenskih Goricah
8986279,SI,Gorje
11288217,SI,Ankaran
11288255,SI,Mirna
3041964,SJ,Jan Mayen
7521757,SJ,Svalbard
865084,SK,Košický kraj
865085,SK,Prešovský kraj
3056506,SK,Žilinský kraj
3343954,SK,Banskobystrický kraj
3343955,SK,Bratislava
3343956,SK,Nitriansky kraj
3343957,SK,Trenčiansky kraj
3343958,SK,Trnavský kraj
2403068,SL,Western Area
2403745,SL,Southern Province
2404798,SL,Northern Province
2409543,SL,Eastern Province
11919533,SL,North West
3166650,SM,Serravalle
3178807,SM,Chiesanuova
3345302,SM,San Marino
3345303,SM,Acquaviva
3345304,SM,Borgo Maggiore
3345305,SM,Domagnano
3345306,SM,Faetano
3345307,SM,Fiorentino
3345308,SM,Montegiardino
2243939,SN,Ziguinchor
2244800,SN,Thiès
2244990,SN,Tambacounda
2246451,SN,Saint-Louis
2248753,SN,Matam
2249221,SN,Louga
2249781,SN,Kolda
2250804,SN,Kaolack
2251910,SN,Fatick
2252308,SN,Diourbel
2253350,SN,Dakar
7303935,SN,Kaffrine
7303936,SN,Kédougou
7303937,SN,Sédhiou
50360,SO,Woqooyi Galbeed
51230,SO,Togdheer
51966,SO,Lower Shabeelle
51967,SO,Middle Shabele
52187,SO,Sanaag
53477,SO,Nugaal
53707,SO,Mudug
56083,SO,Lower Juba
56084,SO,Middle Juba
57060,SO,Hiiraan
58802,SO,Gedo
59362,SO,Galguduud
64538,SO,Bay
64661,SO,Bari
64833,SO,Banaadir
64982,SO,Bakool
6268943,SO,Awdal
6268947,SO,Sool
3382761,SR,Wanica
3383062,SR,Sipaliwini
3383110,SR,Saramacca
3383329,SR,Paramaribo
3383337,SR,Para
3383438,SR,Nickerie
3383560,SR,Marowijne
3384397,SR,Coronie
3384418,SR,Commewijne
3384481,SR,Brokopondo
381229,SS,Upper Nile
408647,SS,Lakes
408650,SS,Unity
408655,SS,Central Equatoria
408656,SS,Western Equatoria
408657,SS,Western Bahr al Ghazal
408662,SS,Jonglei
408665,SS,Northern Bahr al Ghazal
408668,SS,Eastern Equatoria
408670,SS,Warrap
2410764,ST,São Tomé Island
2410878,ST,Príncipe
3582882,SV,Usulután
3583101,SV,Sonsonate
3583176,SV,San Vicente
3583332,SV,Santa Ana
3583360,SV,San Salvador
3583462,SV,San Miguel
3584317,SV,Morazán
3584767,SV,La Unión
3585087,SV,La Paz
3585155,SV,La Libertad
3586831,SV,Cuscatlán
3587090,SV,Chalatenango
3587217,SV,Cabañas
3587425,SV,Ahuachapán
163342,SY,Tartus
167541,SY,Dimashq
169387,SY,Idlib
169575,SY,Homs
170015,SY,Hama
170062,SY,Aleppo
170652,SY,Rif-dimashq
170792,SY,Deir ez-Zor
170903,SY,Daraa
172410,SY,As-Suwayda
172957,SY,Ar-Raqqah
173336,SY,Quneitra
173578,SY,Latakia
173813,SY,Al-Hasakah
934867,SZ,Shiselweni
934994,SZ,Manzini
935042,SZ,Lubombo
935085,SZ,Hhohho
242048,TD,Salamat
242246,TD,Ouadaï
244877,TD,Wadi Fira
2425287,TD,Tandjilé
2427315,TD,Moyen-Chari
2428132,TD,Mayo-Kebbi Est
2429058,TD,Logone Oriental
2429060,TD,Logone Occidental
2429323,TD,Lac
2430873,TD,Kanem
2431555,TD,Guéra
2434478,TD,Chari-Baguirmi
2435899,TD,Batha
7602866,TD,Borkou
7603251,TD,Hadjer-Lamis
7603252,TD,Mandoul
7603253,TD,Mayo-Kebbi Ouest
7603254,TD,N’Djaména
7603255,TD,Barh el Gazel
7603257,TD,Sila
7603258,TD,Tibesti
8604857,TD,Ennedi-Ouest
8604858,TD,Ennedi-Est
936339,TF,Crozet
1546558,TF,Kerguelen
1547221,TF,Saint-Paul-et-Amsterdam
6690916,TF,Îles Éparses
6690917,TF,Terre-Adélie
2364205,TG,Savanes
2364370,TG,Plateaux
2365173,TG,Maritime
2367237,TG,Centrale
2597439,TG,Kara
1149965,TH,Uthai Thani
1150006,TH,Trang
1150489,TH,Tak
1150514,TH,Surat Thani
1150532,TH,Sukhothai
1150953,TH,Ratchaburi
1150964,TH,Ranong
1151073,TH,Prachuap Khiri Khan
1151253,TH,Phuket
1151416,TH,Phetchaburi
1151462,TH,Phang Nga
1152221,TH,Mae Hong Son
1152467,TH,Lamphun
1152472,TH,Lampang
1152631,TH,Krabi
1153080,TH,Kanchanaburi
1153089,TH,Kamphaeng Phet
1153555,TH,Chumphon
1153668,TH,Chiang Rai
1153670,TH,Chiang Mai
1604767,TH,Yasothon
1604869,TH,Yala
1605214,TH,Uttaradit
1605277,TH,Trat
1606029,TH,Surin
1606032,TH,Suphanburi
1606146,TH,Songkhla
1606238,TH,Si Sa Ket
1606269,TH,Sing Buri
1606375,TH,Satun
1606417,TH,Saraburi
1606585,TH,Samut Songkhram
1606587,TH,Samut Sakhon
1606589,TH,Samut Prakan
1606789,TH,Sakon Nakhon
1607000,TH,Roi Et
1607016,TH,Rayong
1607530,TH,Phra Nakhon Si Ayutthaya
1607551,TH,Phrae
1607707,TH,Phitsanulok
1607724,TH,Phichit
1607736,TH,Phetchabun
1607758,TH,Phayao
1607778,TH,Phatthalung
1607976,TH,Pattani
1607982,TH,Pathum Thani
1608132,TH,Nonthaburi
1608231,TH,Nong Khai
1608408,TH,Narathiwat
1608451,TH,Nan
1608525,TH,Nakhon Si Thammarat
1608526,TH,Nakhon Sawan
1608528,TH,Nakhon Ratchasima
1608530,TH,Nakhon Phanom
1608533,TH,Nakhon Pathom
1608538,TH,Nakhon Nayok
1608595,TH,Mukdahan
1608899,TH,Maha Sarakham
1609031,TH,Lopburi
1609070,TH,Loei
1609348,TH,Bangkok
1609775,TH,Khon Kaen
1610468,TH,Kalasin
1611108,TH,Chon Buri
1611268,TH,Chanthaburi
1611406,TH,Chaiyaphum
1611415,TH,Chai Nat
1611438,TH,Chachoengsao
1611452,TH,Buriram
1621034,TH,Ang Thong
1906686,TH,Udon Thani
1906687,TH,Prachin Buri
1906688,TH,Ubon Ratchathani
1906689,TH,Amnat Charoen
1906690,TH,Nong Bua Lam Phu
1906691,TH,Sa Kaeo
8133594,TH,Bueng Kan
1221092,TJ,Sughd
1221692,TJ,Gorno-Badakhshan
1347488,TJ,Khatlon
6452615,TJ,Republican Subordination
7280679,TJ,Dushanbe
4031091,TK,Nukunonu
4031112,TK,Fakaofo
4031116,TK,Atafu
1622470,TL,Viqueque
1636309,TL,Manufahi
1636525,TL,Manatuto
1637729,TL,Liquiçá
1638294,TL,Lautém
1639462,TL,Cova Lima
1644865,TL,Ermera
1645456,TL,Díli
1648513,TL,Bobonaro
1649538,TL,Baucau
1651539,TL,Oecusse
1651809,TL,Ainaro
1651815,TL,Aileu
162152,TM,Balkan
162181,TM,Ahal
162182,TM,Ashgabat
601465,TM,Daşoguz
1218666,TM,Mary
1219651,TM,Lebap
2464038,TN,Zaghwān
2464464,TN,Tūnis
2464645,TN,Tawzar
2464698,TN,Tataouine
2464912,TN,Sūsah
2465027,TN,Silyānah
2465837,TN,Sīdī Bū Zayd
2467450,TN,Şafāqis
2468014,TN,Qibilī
2468351,TN,Gafsa
2468365,TN,Qābis
2468576,TN,Nābul
2469470,TN,Madanīn
2470085,TN,Jundūbah
2472477,TN,Bin ‘Arūs
2472699,TN,Banzart
2472770,TN,Bājah
2473245,TN,Ariana
2473451,TN,Kairouan
2473460,TN,Al Qaşrayn
2473495,TN,Al Munastīr
2473574,TN,Al Mahdīyah
2473637,TN,Kef
6201192,TN,Manouba
4032231,TO,Vava‘u
4032279,TO,Tongatapu
4032637,TO,Ha‘apai
7668021,TO,ʻEua
7668055,TO,Niuas
296560,TR,Yozgat
298113,TR,Van
298298,TR,Uşak
298332,TR,Şanlıurfa
298845,TR,Tunceli
300617,TR,Sivas
300821,TR,Siirt
303826,TR,Niğde
303830,TR,Nevşehir
304041,TR,Muş
304183,TR,Muğla
304794,TR,Mardin
304825,TR,Manisa
304919,TR,Malatya
305267,TR,Kütahya
306569,TR,Konya
307513,TR,Kırşehir
308463,TR,Kayseri
310858,TR,Kahramanmaraş
311044,TR,İzmir
311071,TR,Isparta
311728,TR,Mersin
312394,TR,Hatay
312888,TR,Hakkâri
314829,TR,Gaziantep
315201,TR,Eskişehir
315367,TR,Erzurum
315372,TR,Erzincan
315807,TR,Elazığ
316540,TR,Diyarbakır
317106,TR,Denizli
320390,TR,Burdur
321022,TR,Bitlis
321079,TR,Bingöl
321122,TR,Bilecik
322164,TR,Balıkesir
322819,TR,Aydın
323776,TR,Antalya
323784,TR,Ankara
325163,TR,Ağrı
325302,TR,Afyonkarahisar
325329,TR,Adıyaman
325361,TR,Adana
443183,TR,Osmaniye
443184,TR,Iğdır
443185,TR,Aksaray
443186,TR,Batman
443187,TR,Karaman
443188,TR,Kırıkkale
443189,TR,Şırnak
443213,TR,Kilis
737021,TR,Zonguldak
738647,TR,Trabzon
738742,TR,Tokat
738926,TR,Tekirdağ
739598,TR,Sinop
740263,TR,Samsun
740352,TR,Sakarya
740481,TR,Rize
741098,TR,Ordu
742865,TR,Kocaeli
743165,TR,Kırklareli
743881,TR,Kastamonu
743942,TR,Kars
745042,TR,Istanbul
746423,TR,Gümüşhane
746878,TR,Giresun
747711,TR,Edirne
748877,TR,Çorum
749747,TR,Çankırı
749778,TR,Canakkale
750268,TR,Bursa
750510,TR,Bolu
751816,TR,Artvin
752014,TR,Amasya
862467,TR,Bartın
862468,TR,Karabük
862469,TR,Yalova
862470,TR,Ardahan
862471,TR,Bayburt
865521,TR,Düzce
3573606,TT,Tobago
3573739,TT,San Fernando
3573891,TT,Port of Spain
3574155,TT,Mayaro
3575052,TT,Borough of Arima
7521937,TT,Chaguanas
7521938,TT,Couva-Tabaquite-Talparo
7521939,TT,Diego Martin
7521941,TT,Penal/Debe
7521942,TT,Princes Town
7521943,TT,Point Fortin
7521944,TT,Sangre Grande
7521945,TT,Siparia
7521946,TT,San Juan/Laventille
7521947,TT,Tunapuna/Piarco
2110341,TV,Nui
2110345,TV,Nanumea
2110384,TV,Funafuti
7601979,TV,Niutao
7601980,TV,Nanumanga
7601981,TV,Vaitupu
7601982,TV,Nukufetau
7601983,TV,Nukulaelae
7280288,TW,Fukien
7280289,TW,Takao
7280290,TW,Taipei
7280291,TW,Taiwan
148679,TZ,Kagera
148724,TZ,Zanzibar Urban/West
148725,TZ,Zanzibar North
148728,TZ,Zanzibar Central/South
149595,TZ,Tanga
149653,TZ,Tabora
149876,TZ,Singida
150004,TZ,Shinyanga
150442,TZ,Rukwa
150602,TZ,Pwani
150732,TZ,Pemba South
150733,TZ,Pemba North
152219,TZ,Mwanza
153214,TZ,Morogoro
154375,TZ,Mbeya
154775,TZ,Mara
155946,TZ,Lindi
157449,TZ,Kilimanjaro
157732,TZ,Kigoma
159067,TZ,Iringa
160192,TZ,Dodoma
160260,TZ,Dar es Salaam
161322,TZ,Arusha
435764,TZ,Manyara
877416,TZ,Ruvuma
877744,TZ,Mtwara
8469238,TZ,Simiyu
8469239,TZ,Geita
8469240,TZ,Katavi
8469241,TZ,Njombe
11124984,TZ,Songwe
686966,UA,Zhytomyr
687699,UA,Zaporizhzhya Oblast
687869,UA,Transcarpathia
689064,UA,Volyn
689559,UA,Vinnytsya Oblast
691649,UA,Ternopil Oblast
692196,UA,Sumy
694422,UA,Sevastopol City
695592,UA,Rivne
696634,UA,Poltava Oblast
698738,UA,Odessa
700567,UA,Mykolayiv Oblast
702549,UA,Lviv
702657,UA,Luhansk
703446,UA,Kyiv
703447,UA,Kyiv City
703883,UA,Crimea
705811,UA,Kirovohrad Oblast
706370,UA,Khmelnytskyy Oblast
706442,UA,Kherson Oblast
706482,UA,Kharkiv
707470,UA,Ivano-Frankivsk Oblast
709716,UA,Donetsk
709929,UA,Dnipropetrovsk Oblast
710720,UA,Chernivtsi Oblast
710734,UA,Chernihiv
710802,UA,Cherkasy Oblast
234594,UG,Central Region
8260673,UG,Eastern Region
8260674,UG,Northern Region
8260675,UG,Western Region
4041685,UM,Wake Island
4743755,UM,Navassa Island
5854907,UM,Baker Island
5854922,UM,Howland Island
5854926,UM,Jarvis Island
5854929,UM,Johnston Atoll
5854936,UM,Kingman Reef
5854943,UM,Midway Islands
5854952,UM,Palmyra Atoll
4099753,US,Arkansas
4138106,US,"Washington, D.C."
4142224,US,Delaware
4155751,US,Florida
4197000,US,Georgia
4273857,US,Kansas
4331987,US,Louisiana
4361885,US,Maryland
4398678,US,Missouri
4436296,US,Mississippi
4482348,US,North Carolina
4544379,US,Oklahoma
4597040,US,South Carolina
4662168,US,Tennessee
4736286,US,Texas
4826850,US,West Virginia
4829764,US,Alabama
4831725,US,Connecticut
4862182,US,Iowa
4896861,US,Illinois
4921868,US,Indiana
4971068,US,Maine
5001836,US,Michigan
5037779,US,Minnesota
5073708,US,Nebraska
5090174,US,New Hampshire
5101760,US,New Jersey
5128638,US,New York
5165418,US,Ohio
5224323,US,Rhode Island
5242283,US,Vermont
5279468,US,Wisconsin
5332921,US,California
5417618,US,Colorado
5481136,US,New Mexico
5509151,US,Nevada
5549030,US,Utah
5551752,US,Arizona
5596512,US,Idaho
5667009,US,Montana
5690763,US,North Dakota
5744337,US,Oregon
5769223,US,South Dakota
5815135,US,Washington
5843591,US,Wyoming
5855797,US,Hawaii
5879092,US,Alaska
6254925,US,Kentucky
6254926,US,Massachusetts
6254927,US,Pennsylvania
6254928,US,Virginia
3439780,UY,Treinta y Tres
3440033,UY,Tacuarembó
3440054,UY,Soriano
3440645,UY,San José
3440711,UY,Salto
3440771,UY,Rocha
3440780,UY,Rivera
3440789,UY,Río Negro
3441242,UY,Paysandú
3441572,UY,Montevideo
3441890,UY,Maldonado
3442007,UY,Lavalleja
3442584,UY,Florida
3442587,UY,Flores
3442720,UY,Durazno
3443025,UY,Colonia
3443173,UY,Cerro Largo
3443411,UY,Canelones
3443756,UY,Artigas
453752,UZ,Karakalpakstan
1114926,UZ,Surxondaryo
1114927,UZ,Samarqand
1114928,UZ,Qashqadaryo
1114929,UZ,Bukhara
1484838,UZ,Toshkent
1484839,UZ,Toshkent Shahri
1484840,UZ,Sirdaryo
1484841,UZ,Navoiy
1484842,UZ,Namangan
1484843,UZ,Xorazm
1484844,UZ,Jizzax
1484845,UZ,Fergana
1484846,UZ,Andijon
3577818,VC,Saint Patrick
3577819,VC,Saint George
3577821,VC,Saint David
3577822,VC,Saint Andrew
3577892,VC,Grenadines
3577934,VC,Charlotte
3625035,VE,Zulia
3625210,VE,Yaracuy
3625974,VE,Trujillo
3626553,VE,Táchira
3626655,VE,Sucre
3629941,VE,Portuguesa
3631462,VE,Nueva Esparta
3632100,VE,Monagas
3632191,VE,Miranda
3632306,VE,Mérida
3636539,VE,Lara
3640017,VE,Guárico
3640846,VE,Dependencias Federales
3640847,VE,Distrito Federal
3640873,VE,Falcón
3644541,VE,Delta Amacuro
3645386,VE,Cojedes
3646751,VE,Carabobo
3648106,VE,Bolívar
3648544,VE,Barinas
3649110,VE,Aragua
3649151,VE,Apure
3649198,VE,Anzoátegui
3649302,VE,Amazonas
3830309,VE,Vargas
7267902,VI,Saint Croix Island
7267903,VI,Saint John Island
7267904,VI,Saint Thomas Island
1559969,VN,Nghệ An
1559970,VN,Ninh Bình
1559971,VN,Ninh Thuận
1559972,VN,Sóc Trăng
1559975,VN,Trà Vinh
1559976,VN,Tuyên Quang
1559977,VN,Vĩnh Long
1559978,VN,Yên Bái
1562412,VN,Lào Cai
1564676,VN,Tiền Giang
1565033,VN,Thừa Thiên-Huế
1565088,VN,Kon Tum
1566165,VN,Thanh Hóa
1566338,VN,Thái Bình
1566557,VN,Tây Ninh Province
1567643,VN,Sơn La
1568733,VN,Quảng Trị
1568758,VN,Quảng Ninh
1568769,VN,Quảng Ngãi Province
1568839,VN,Quảng Bình
1569805,VN,Phú Yên
1572594,VN,Hòa Bình
1575788,VN,Long An
1576632,VN,Lạng Sơn
1577882,VN,Lâm Đồng
1577954,VN,Lai Châu
1579008,VN,Kiến Giang
1579634,VN,Khánh Hòa
1580578,VN,Ho Chi Minh
1580700,VN,Hà Tĩnh
1581030,VN,Hà Giang
1581088,VN,Gia Lai
1581129,VN,Hanoi
1581188,VN,Can Tho
1581297,VN,Haiphong
1581882,VN,Bình Thuận
1582562,VN,Đồng Tháp
1582720,VN,Đồng Nai
1584169,VN,Đắk Lắk
1584534,VN,Bà Rịa-Vũng Tàu
1586182,VN,Cao Bằng
1587871,VN,Bình Định
1587974,VN,Bến Tre
1594446,VN,An Giang
1904987,VN,Ðắk Nông
1905099,VN,Ðiện Biên
1905412,VN,Bắc Ninh
1905419,VN,Bắc Giang
1905468,VN,Da Nang
1905475,VN,Bình Dương
1905480,VN,Bình Phước
1905497,VN,Thái Nguyên
1905516,VN,Quảng Nam
1905577,VN,Phú Thọ
1905626,VN,Nam Định
1905637,VN,Hà Nam
1905669,VN,Bắc Kạn
1905675,VN,Bạc Liêu
1905678,VN,Cà Mau
1905686,VN,Hải Dương
1905699,VN,Hưng Yên
1905856,VN,Vĩnh Phúc
7506719,VN,Hậu Giang
2134739,VU,Tafea
2134898,VU,Sanma
2137421,VU,Torba
2208265,VU,Malampa
2208266,VU,Penama
2208267,VU,Shefa
4034759,WF,Uvea
4034776,WF,Sigave
4034884,WF,Alo
4034910,WS,Vaisigano
4034943,WS,Va‘a-o-Fonoti
4034977,WS,Tuamasaga
4035046,WS,Satupa‘itea
4035154,WS,Palauli
4035313,WS,Gagaifomauga
4035314,WS,Gaga‘emauga
4035383,WS,Fa‘asaleleaga
4035402,WS,Atua
4035425,WS,Aiga-i-le-Tai
4035434,WS,A'ana
10096138,XK,Ferizaj
10096859,XK,Gjakova
10097357,XK,Gjilan
10097358,XK,Mitrovica
10097359,XK,Pec
10097360,XK,Pristina
10097361,XK,Prizren
70222,YE,Ta‘izz
70935,YE,Shabwah
71132,YE,Sanaa
71333,YE,Şa‘dah
71532,YE,Raymah
72966,YE,Ma’rib
73200,YE,Al Maḩwīt
74222,YE,Al Jawf
75411,YE,Muhafazat Hadramaout
76183,YE,Dhamār
78985,YE,Al Mahrah
79416,YE,Al Hudaydah
79838,YE,Al Bayda
80412,YE,Aden
80425,YE,Abyan
6201193,YE,Aḑ Ḑāli‘
6201194,YE,Omran
6201195,YE,Ḩajjah
6201196,YE,Ibb
6201197,YE,Laḩij
6940571,YE,Amanat Alasimah
9645387,YE,Soqatra
7521421,YT,Acoua
7521422,YT,Bandraboua
7521423,YT,Bandrele
7521424,YT,Bouéni
7521425,YT,Chiconi
7521426,YT,Chirongui
7521427,YT,Dembeni
7521428,YT,Dzaoudzi
7521429,YT,Kani-Kéli
7521430,YT,Koungou
7521431,YT,Mamoudzou
7521432,YT,Mtsamboro
7521433,YT,M'Tsangamouji
7521434,YT,Ouangani
7521435,YT,Pamandzi
7521436,YT,Sada
7521437,YT,Tsingoni
967573,ZA,Orange Free State
972062,ZA,KwaZulu-Natal
1085593,ZA,Eastern Cape
1085594,ZA,Gauteng
1085595,ZA,Mpumalanga
1085596,ZA,Northern Cape
1085597,ZA,Limpopo
1085598,ZA,North-West
1085599,ZA,Western Cape
896140,ZM,Western
896972,ZM,Southern
900594,ZM,North-Western
900601,ZM,Northern
909129,ZM,Lusaka
909845,ZM,Luapula
917388,ZM,Eastern
917524,ZM,Copperbelt
921064,ZM,Central
11154503,ZM,Muchinga
886119,ZW,Midlands
886747,ZW,Matabeleland South
886748,ZW,Matabeleland North
886761,ZW,Masvingo
886841,ZW,Mashonaland West
886842,ZW,Mashonaland East
886843,ZW,Mashonaland Central
887358,ZW,Manicaland
1105843,ZW,Bulawayo
1105844,ZW,Harare
